{"mean":{"confidence_interval":{"confidence_level":0.95,"lower_bound":1544870758.5,"upper_bound":1722511363.0},"point_estimate":1630589433.1,"standard_error":44056810.02667653},"median":{"confidence_interval":{"confidence_level":0.95,"lower_bound":1534117689.0,"upper_bound":1825464241.0},"point_estimate":1549515890.0,"standard_error":70954407.91166152},"median_abs_dev":{"confidence_interval":{"confidence_level":0.95,"lower_bound":5265176.5603244305,"upper_bound":221979819.20177042},"point_estimate":28833996.435794234,"standard_error":59722406.19941842},"slope":null,"std_dev":{"confidence_interval":{"confidence_level":0.95,"lower_bound":15762711.524813317,"upper_bound":166545330.990929},"point_estimate":146733311.7555451,"standard_error":29456800.73883266}}