{"mean":{"confidence_interval":{"confidence_level":0.95,"lower_bound":1610254916.0,"upper_bound":1774222107.9},"point_estimate":1685219643.4,"standard_error":42169691.05353854},"median":{"confidence_interval":{"confidence_level":0.95,"lower_bound":1578932002.5,"upper_bound":1777957055.5},"point_estimate":1635242705.5,"standard_error":50994954.76051333},"median_abs_dev":{"confidence_interval":{"confidence_level":0.95,"lower_bound":23677885.859933496,"upper_bound":215419596.01223767},"point_estimate":120777914.90716338,"standard_error":50855004.512455605},"slope":null,"std_dev":{"confidence_interval":{"confidence_level":0.95,"lower_bound":57953060.468438454,"upper_bound":185538755.51731634},"point_estimate":140286464.00543267,"standard_error":34139666.2552014}}