{"mean":{"confidence_interval":{"confidence_level":0.95,"lower_bound":534366560.4,"upper_bound":620511134.2},"point_estimate":574793314.7,"standard_error":21738571.627774406},"median":{"confidence_interval":{"confidence_level":0.95,"lower_bound":525607315.5,"upper_bound":644279206.5},"point_estimate":528176361.0,"standard_error":30761833.625649214},"median_abs_dev":{"confidence_interval":{"confidence_level":0.95,"lower_bound":1332213.927948475,"upper_bound":108431751.1752516},"point_estimate":6447311.340737343,"standard_error":34147297.046891935},"slope":null,"std_dev":{"confidence_interval":{"confidence_level":0.95,"lower_bound":23878065.853204962,"upper_bound":88516923.23295377},"point_estimate":72576433.420416,"standard_error":16807165.578238666}}