{"mean":{"confidence_interval":{"confidence_level":0.95,"lower_bound":540897727.0,"upper_bound":542341800.0},"point_estimate":541595990.0,"standard_error":370116.98383050435},"median":{"confidence_interval":{"confidence_level":0.95,"lower_bound":540550100.0,"upper_bound":542908100.0},"point_estimate":541320800.0,"standard_error":519359.1563104617},"median_abs_dev":{"confidence_interval":{"confidence_level":0.95,"lower_bound":99927.23822593689,"upper_bound":2105736.7426157},"point_estimate":1163840.9793376923,"standard_error":570904.0032473528},"slope":null,"std_dev":{"confidence_interval":{"confidence_level":0.95,"lower_bound":665600.2558259391,"upper_bound":1497063.3078352653},"point_estimate":1231939.9962389942,"standard_error":203743.02988156737}}