{"mean":{"confidence_interval":{"confidence_level":0.95,"lower_bound":527536921.96000004,"upper_bound":595894015.9},"point_estimate":556334757.9,"standard_error":18182264.331810642},"median":{"confidence_interval":{"confidence_level":0.95,"lower_bound":526923200.0,"upper_bound":579391884.0},"point_estimate":527728548.5,"standard_error":12347605.32330016},"median_abs_dev":{"confidence_interval":{"confidence_level":0.95,"lower_bound":377816.8816924095,"upper_bound":76316875.15790462},"point_estimate":1486125.5964159966,"standard_error":14877380.814848512},"slope":null,"std_dev":{"confidence_interval":{"confidence_level":0.95,"lower_bound":900007.5255409072,"upper_bound":84287398.7791404},"point_estimate":60819698.71775577,"standard_error":22504730.441752102}}