{"mean":{"confidence_interval":{"confidence_level":0.95,"lower_bound":4737066090.0,"upper_bound":4750998398.75},"point_estimate":4744378030.0,"standard_error":3561075.346455438},"median":{"confidence_interval":{"confidence_level":0.95,"lower_bound":4734201450.0,"upper_bound":4755403400.0},"point_estimate":4746570250.0,"standard_error":4784787.119375777},"median_abs_dev":{"confidence_interval":{"confidence_level":0.95,"lower_bound":2499441.165626049,"upper_bound":21353368.510901928},"point_estimate":12206690.363287926,"standard_error":4725608.313926788},"slope":null,"std_dev":{"confidence_interval":{"confidence_level":0.95,"lower_bound":5890551.685015537,"upper_bound":14757005.451483412},"point_estimate":11879970.302530222,"standard_error":2243123.238729705}}