{"mean":{"confidence_interval":{"confidence_level":0.95,"lower_bound":529746252.62,"upper_bound":593907968.2975},"point_estimate":556452119.5,"standard_error":16845550.396645565},"median":{"confidence_interval":{"confidence_level":0.95,"lower_bound":527580851.5,"upper_bound":566492055.0},"point_estimate":530459724.5,"standard_error":11858974.596856797},"median_abs_dev":{"confidence_interval":{"confidence_level":0.95,"lower_bound":707549.3397384882,"upper_bound":53387989.90907371},"point_estimate":4561956.412509084,"standard_error":14704476.877800543},"slope":null,"std_dev":{"confidence_interval":{"confidence_level":0.95,"lower_bound":2826105.368186017,"upper_bound":83078012.93278433},"point_estimate":56318383.47899401,"standard_error":22226744.910497542}}