{"mean":{"confidence_interval":{"confidence_level":0.95,"lower_bound":-0.049962976292884466,"upper_bound":-0.015974723676794828},"point_estimate":-0.03415018758214583,"standard_error":0.008707040157751124},"median":{"confidence_interval":{"confidence_level":0.95,"lower_bound":-0.06109038278930601,"upper_bound":-0.014198726124748373},"point_estimate":-0.0401321594708931,"standard_error":0.012576770218848864}}