{"mean":{"confidence_interval":{"confidence_level":0.95,"lower_bound":2307881783.2400002,"upper_bound":2382387664.3525},"point_estimate":2338098675.3,"standard_error":20552957.46494637},"median":{"confidence_interval":{"confidence_level":0.95,"lower_bound":2305541083.5,"upper_bound":2350088675.5},"point_estimate":2310512436.5,"standard_error":10215549.678502372},"median_abs_dev":{"confidence_interval":{"confidence_level":0.95,"lower_bound":1019950.945392251,"upper_bound":57572370.36238611},"point_estimate":8497304.548242688,"standard_error":13222377.50387272},"slope":null,"std_dev":{"confidence_interval":{"confidence_level":0.95,"lower_bound":4427860.020355394,"upper_bound":101705587.0496838},"point_estimate":68627522.36833233,"standard_error":28930465.206787724}}