{"mean":{"confidence_interval":{"confidence_level":0.95,"lower_bound":3090375370.0,"upper_bound":3252274704.5125},"point_estimate":3173069589.1,"standard_error":41369106.406236805},"median":{"confidence_interval":{"confidence_level":0.95,"lower_bound":3024039218.0,"upper_bound":3297917073.0},"point_estimate":3236007883.5,"standard_error":88153536.8346738},"median_abs_dev":{"confidence_interval":{"confidence_level":0.95,"lower_bound":2939800.044608116,"upper_bound":210770994.23336685},"point_estimate":94432335.02359092,"standard_error":63923559.81177779},"slope":null,"std_dev":{"confidence_interval":{"confidence_level":0.95,"lower_bound":83391463.23732354,"upper_bound":152656131.69772702},"point_estimate":137581954.1065889,"standard_error":17145026.164275933}}