{"mean":{"confidence_interval":{"confidence_level":0.95,"lower_bound":20056352951.335,"upper_bound":20131720821.1875},"point_estimate":20092123267.3,"standard_error":19368390.2572213},"median":{"confidence_interval":{"confidence_level":0.95,"lower_bound":20040152339.0,"upper_bound":20136662895.0},"point_estimate":20083832080.0,"standard_error":24185212.35651836},"median_abs_dev":{"confidence_interval":{"confidence_level":0.95,"lower_bound":14404226.731073856,"upper_bound":108844498.85362387},"point_estimate":52084727.452111244,"standard_error":23518326.169319578},"slope":null,"std_dev":{"confidence_interval":{"confidence_level":0.95,"lower_bound":32447767.58621702,"upper_bound":84647680.92116},"point_estimate":64576753.20523995,"standard_error":14068465.095098581}}