{"mean":{"confidence_interval":{"confidence_level":0.95,"lower_bound":327495805.0,"upper_bound":328742097.75},"point_estimate":328103720.0,"standard_error":320683.0372665599},"median":{"confidence_interval":{"confidence_level":0.95,"lower_bound":327241575.0,"upper_bound":329006050.0},"point_estimate":327919125.0,"standard_error":429084.0857496582},"median_abs_dev":{"confidence_interval":{"confidence_level":0.95,"lower_bound":246148.66062998772,"upper_bound":1815740.1877641678},"point_estimate":1132743.4448897839,"standard_error":433930.6403574473},"slope":null,"std_dev":{"confidence_interval":{"confidence_level":0.95,"lower_bound":588147.466863352,"upper_bound":1310409.7339022174},"point_estimate":1068046.3257743083,"standard_error":180264.84463889027}}