{"mean":{"confidence_interval":{"confidence_level":0.95,"lower_bound":73311252.95754166,"upper_bound":81812636.37097223},"point_estimate":76957449.93597221,"standard_error":2238675.7348748767},"median":{"confidence_interval":{"confidence_level":0.95,"lower_bound":73047309.1,"upper_bound":80129606.96666667},"point_estimate":73393967.9861111,"standard_error":1656476.66114523},"median_abs_dev":{"confidence_interval":{"confidence_level":0.95,"lower_bound":126478.47045789727,"upper_bound":9857473.17874154},"point_estimate":521110.9722234272,"standard_error":1928673.0111073311},"slope":{"confidence_interval":{"confidence_level":0.95,"lower_bound":73234959.09848484,"upper_bound":84774343.44786096},"point_estimate":78944961.38701299,"standard_error":3029471.8316316777},"std_dev":{"confidence_interval":{"confidence_level":0.95,"lower_bound":369530.9801783556,"upper_bound":10276774.238281822},"point_estimate":7480030.796485259,"standard_error":2622775.5082579996}}