{"mean":{"confidence_interval":{"confidence_level":0.95,"lower_bound":-0.008131592541240358,"upper_bound":0.008628618250721375},"point_estimate":0.0003258705026485398,"standard_error":0.004289449572590365},"median":{"confidence_interval":{"confidence_level":0.95,"lower_bound":-0.010015406658058668,"upper_bound":0.014784610470308879},"point_estimate":0.005014128953186647,"standard_error":0.006540328655701153}}