{"mean":{"confidence_interval":{"confidence_level":0.95,"lower_bound":828060290.0,"upper_bound":910463005.585},"point_estimate":864425157.1,"standard_error":21337154.662380036},"median":{"confidence_interval":{"confidence_level":0.95,"lower_bound":826937741.5,"upper_bound":900796935.5},"point_estimate":838913134.5,"standard_error":17152572.239827793},"median_abs_dev":{"confidence_interval":{"confidence_level":0.95,"lower_bound":1826348.190575838,"upper_bound":97347752.22903192},"point_estimate":18523980.651533604,"standard_error":22759262.383983992},"slope":null,"std_dev":{"confidence_interval":{"confidence_level":0.95,"lower_bound":15860509.627898213,"upper_bound":96453056.11463784},"point_estimate":70822233.3708064,"standard_error":21548517.39234198}}