{"mean":{"confidence_interval":{"confidence_level":0.95,"lower_bound":834490236.1,"upper_bound":900052495.3525},"point_estimate":864412678.1,"standard_error":16788060.753634594},"median":{"confidence_interval":{"confidence_level":0.95,"lower_bound":822789878.5,"upper_bound":909236951.0},"point_estimate":853781718.5,"standard_error":19163228.950263},"median_abs_dev":{"confidence_interval":{"confidence_level":0.95,"lower_bound":5487141.79148376,"upper_bound":82485375.41929185},"point_estimate":41266010.11918187,"standard_error":19551730.062883202},"slope":null,"std_dev":{"confidence_interval":{"confidence_level":0.95,"lower_bound":20052765.50417202,"upper_bound":70933050.21396333},"point_estimate":55878828.24806747,"standard_error":13364128.940955557}}