{"mean":{"confidence_interval":{"confidence_level":0.95,"lower_bound":0.01134641905820496,"upper_bound":0.030508046977871437},"point_estimate":0.02101454185463325,"standard_error":0.004893744562882771},"median":{"confidence_interval":{"confidence_level":0.95,"lower_bound":0.008544797645462898,"upper_bound":0.03576447438179797},"point_estimate":0.0185856565111715,"standard_error":0.006598057072944955}}