{"mean":{"confidence_interval":{"confidence_level":0.95,"lower_bound":660173661.5,"upper_bound":665056812.75},"point_estimate":662843670.0,"standard_error":1263479.6552804317},"median":{"confidence_interval":{"confidence_level":0.95,"lower_bound":660835900.0,"upper_bound":666150750.0},"point_estimate":663217650.0,"standard_error":1499966.3870013556},"median_abs_dev":{"confidence_interval":{"confidence_level":0.95,"lower_bound":632328.8887739182,"upper_bound":6273770.048618317},"point_estimate":4032449.53840971,"standard_error":1468672.4364111735},"slope":null,"std_dev":{"confidence_interval":{"confidence_level":0.95,"lower_bound":1848801.6244764247,"upper_bound":5837212.646850854},"point_estimate":4229440.17468296,"standard_error":1157485.2817246222}}