{"mean":{"confidence_interval":{"confidence_level":0.95,"lower_bound":1042518654.8,"upper_bound":1157819763.1149998},"point_estimate":1096229955.2,"standard_error":29019403.13763688},"median":{"confidence_interval":{"confidence_level":0.95,"lower_bound":1037727297.5,"upper_bound":1160424670.0},"point_estimate":1043666458.0,"standard_error":33102894.80685582},"median_abs_dev":{"confidence_interval":{"confidence_level":0.95,"lower_bound":540638.2347017527,"upper_bound":161729950.38211942},"point_estimate":8908147.826948762,"standard_error":39926769.297441304},"slope":null,"std_dev":{"confidence_interval":{"confidence_level":0.95,"lower_bound":5753069.339037033,"upper_bound":130243300.79288805},"point_estimate":97108850.02941549,"standard_error":27556235.37381321}}