{"mean":{"confidence_interval":{"confidence_level":0.95,"lower_bound":9635147329.25,"upper_bound":9761821680.0},"point_estimate":9681102130.0,"standard_error":36790395.57681425},"median":{"confidence_interval":{"confidence_level":0.95,"lower_bound":9632671400.0,"upper_bound":9656542150.0},"point_estimate":9645771350.0,"standard_error":9100783.05646693},"median_abs_dev":{"confidence_interval":{"confidence_level":0.95,"lower_bound":1377706.0255408287,"upper_bound":37125563.55088949},"point_estimate":12284526.861906052,"standard_error":13675944.439157546},"slope":null,"std_dev":{"confidence_interval":{"confidence_level":0.95,"lower_bound":7304017.924580511,"upper_bound":189843983.70805666},"point_estimate":123618943.60447665,"standard_error":63811726.70898491}}