{"mean":{"confidence_interval":{"confidence_level":0.95,"lower_bound":14650657.949166667,"upper_bound":15965936.413079929},"point_estimate":15351105.780980725,"standard_error":336100.3396991621},"median":{"confidence_interval":{"confidence_level":0.95,"lower_bound":14683047.773809522,"upper_bound":16159066.816468254},"point_estimate":15434497.214285713,"standard_error":347473.2285688908},"median_abs_dev":{"confidence_interval":{"confidence_level":0.95,"lower_bound":39986.99511580363,"upper_bound":1799330.6168179968},"point_estimate":695498.4948381478,"standard_error":455044.54688109475},"slope":{"confidence_interval":{"confidence_level":0.95,"lower_bound":14962545.968029138,"upper_bound":16011405.444518082},"point_estimate":15479827.14619666,"standard_error":265151.8617161438},"std_dev":{"confidence_interval":{"confidence_level":0.95,"lower_bound":511031.6059532601,"upper_bound":1494206.0992030744},"point_estimate":1118917.8374881663,"standard_error":266529.195678984}}