{"mean":{"confidence_interval":{"confidence_level":0.95,"lower_bound":0.004968695068957682,"upper_bound":0.018631117890954004},"point_estimate":0.011779927140282531,"standard_error":0.0034826747967542865},"median":{"confidence_interval":{"confidence_level":0.95,"lower_bound":0.004777927156502049,"upper_bound":0.021063615008559244},"point_estimate":0.011004416820992846,"standard_error":0.004021831089236471}}