{"mean":{"confidence_interval":{"confidence_level":0.95,"lower_bound":2629510855.25,"upper_bound":2734441030.0},"point_estimate":2679635160.0,"standard_error":26927749.951201152},"median":{"confidence_interval":{"confidence_level":0.95,"lower_bound":2603353900.0,"upper_bound":2739583750.0},"point_estimate":2662562000.0,"standard_error":31336168.078176443},"median_abs_dev":{"confidence_interval":{"confidence_level":0.95,"lower_bound":17743385.834991932,"upper_bound":152841231.28652573},"point_estimate":81396888.32491636,"standard_error":36480317.38106052},"slope":null,"std_dev":{"confidence_interval":{"confidence_level":0.95,"lower_bound":45309875.4514939,"upper_bound":116501976.32313605},"point_estimate":89515846.92671522,"standard_error":18619355.35700379}}