{"mean":{"confidence_interval":{"confidence_level":0.95,"lower_bound":2150414092.9900002,"upper_bound":2302943698.3},"point_estimate":2226606939.0,"standard_error":39305528.91374031},"median":{"confidence_interval":{"confidence_level":0.95,"lower_bound":2102372011.5,"upper_bound":2351745575.0},"point_estimate":2223285853.0,"standard_error":97684919.3125724},"median_abs_dev":{"confidence_interval":{"confidence_level":0.95,"lower_bound":2004517.418512702,"upper_bound":191123322.89238274},"point_estimate":179800287.3176068,"standard_error":64351203.30024301},"slope":null,"std_dev":{"confidence_interval":{"confidence_level":0.95,"lower_bound":94923910.48472174,"upper_bound":139025134.96140662},"point_estimate":131184614.1031541,"standard_error":12185349.059637358}}