{"mean":{"confidence_interval":{"confidence_level":0.95,"lower_bound":1616693663.7549999,"upper_bound":1698944505.8},"point_estimate":1658258032.6,"standard_error":21209134.913041644},"median":{"confidence_interval":{"confidence_level":0.95,"lower_bound":1582965188.0,"upper_bound":1720066947.5},"point_estimate":1682951129.0,"standard_error":47024304.55846342},"median_abs_dev":{"confidence_interval":{"confidence_level":0.95,"lower_bound":7323808.136576414,"upper_bound":106980850.67161024},"point_estimate":72559931.24220371,"standard_error":31531713.019051198},"slope":null,"std_dev":{"confidence_interval":{"confidence_level":0.95,"lower_bound":47096931.267757066,"upper_bound":77729722.72477107},"point_estimate":70660459.05974148,"standard_error":7892827.107784377}}