{"mean":{"confidence_interval":{"confidence_level":0.95,"lower_bound":9743296817.0,"upper_bound":9815368948.75},"point_estimate":9771651230.0,"standard_error":19667287.892500866},"median":{"confidence_interval":{"confidence_level":0.95,"lower_bound":9739775150.0,"upper_bound":9775262200.0},"point_estimate":9749807500.0,"standard_error":10961039.239075303},"median_abs_dev":{"confidence_interval":{"confidence_level":0.95,"lower_bound":3173950.023651123,"upper_bound":46880848.987698555},"point_estimate":18777202.796638012,"standard_error":11935899.496223394},"slope":null,"std_dev":{"confidence_interval":{"confidence_level":0.95,"lower_bound":12351747.287854714,"upper_bound":99417887.14048783},"point_estimate":65560543.26771467,"standard_error":28768881.53111393}}