{"mean":{"confidence_interval":{"confidence_level":0.95,"lower_bound":9654319699.5,"upper_bound":9677976834.0},"point_estimate":9665406710.0,"standard_error":6059058.553672242},"median":{"confidence_interval":{"confidence_level":0.95,"lower_bound":9651281700.0,"upper_bound":9675441200.0},"point_estimate":9664820800.0,"standard_error":4643948.249924788},"median_abs_dev":{"confidence_interval":{"confidence_level":0.95,"lower_bound":1959404.125213623,"upper_bound":33692973.96183014},"point_estimate":9075290.958881378,"standard_error":9029028.16531047},"slope":null,"std_dev":{"confidence_interval":{"confidence_level":0.95,"lower_bound":8106480.498300932,"upper_bound":27572802.798691966},"point_estimate":20182207.88849261,"standard_error":5164644.624369888}}