{"mean":{"confidence_interval":{"confidence_level":0.95,"lower_bound":-0.0033681738525558947,"upper_bound":0.00917391962578198},"point_estimate":0.0029591343015624716,"standard_error":0.0032335899012885046},"median":{"confidence_interval":{"confidence_level":0.95,"lower_bound":-0.0036599066735656383,"upper_bound":0.01234088261410804},"point_estimate":0.006130024568281156,"standard_error":0.004127370124702171}}