{"mean":{"confidence_interval":{"confidence_level":0.95,"lower_bound":3104315448.9075,"upper_bound":3241547397.5},"point_estimate":3174114605.8,"standard_error":35294750.51168568},"median":{"confidence_interval":{"confidence_level":0.95,"lower_bound":3065548865.0,"upper_bound":3279620752.0},"point_estimate":3191389054.5,"standard_error":60611613.328787655},"median_abs_dev":{"confidence_interval":{"confidence_level":0.95,"lower_bound":22408076.047477126,"upper_bound":191222866.87851548},"point_estimate":131147543.81246567,"standard_error":45857331.60817003},"slope":null,"std_dev":{"confidence_interval":{"confidence_level":0.95,"lower_bound":71407731.803768,"upper_bound":139042495.51374403},"point_estimate":117602176.73550297,"standard_error":17022110.98545093}}