{"mean":{"confidence_interval":{"confidence_level":0.95,"lower_bound":527562280.2,"upper_bound":552287446.2724999},"point_estimate":538093447.4,"standard_error":6426577.427109585},"median":{"confidence_interval":{"confidence_level":0.95,"lower_bound":526125862.0,"upper_bound":544883772.0},"point_estimate":527676835.5,"standard_error":5415043.227629071},"median_abs_dev":{"confidence_interval":{"confidence_level":0.95,"lower_bound":310878.23418080807,"upper_bound":25511003.60198915},"point_estimate":3641744.4151461124,"standard_error":6826598.487018027},"slope":null,"std_dev":{"confidence_interval":{"confidence_level":0.95,"lower_bound":2232337.868001903,"upper_bound":30475470.8790153},"point_estimate":21322583.584686033,"standard_error":7361907.700159875}}