{"mean":{"confidence_interval":{"confidence_level":0.95,"lower_bound":527117014.0,"upper_bound":597015752.4},"point_estimate":556460047.2,"standard_error":18395146.555952042},"median":{"confidence_interval":{"confidence_level":0.95,"lower_bound":526251622.0,"upper_bound":588795986.0},"point_estimate":528037385.0,"standard_error":14005800.454873534},"median_abs_dev":{"confidence_interval":{"confidence_level":0.95,"lower_bound":625127.9007017612,"upper_bound":89036631.10288382},"point_estimate":2691779.601511359,"standard_error":15224655.296185093},"slope":null,"std_dev":{"confidence_interval":{"confidence_level":0.95,"lower_bound":1849901.3797292877,"upper_bound":81065086.63899517},"point_estimate":61581842.968710475,"standard_error":21502162.234733053}}