{"mean":{"confidence_interval":{"confidence_level":0.95,"lower_bound":1042253522.4075,"upper_bound":1166887315.9524999},"point_estimate":1096416798.3,"standard_error":31435579.309243184},"median":{"confidence_interval":{"confidence_level":0.95,"lower_bound":1037470887.0,"upper_bound":1164618133.5},"point_estimate":1041473703.5,"standard_error":29705112.865154296},"median_abs_dev":{"confidence_interval":{"confidence_level":0.95,"lower_bound":1147862.2581213713,"upper_bound":135068621.92345262},"point_estimate":9319724.992641807,"standard_error":30943052.41104513},"slope":null,"std_dev":{"confidence_interval":{"confidence_level":0.95,"lower_bound":6720309.308444091,"upper_bound":132628001.75900145},"point_estimate":105371203.87369555,"standard_error":32321717.44214579}}