{"mean":{"confidence_interval":{"confidence_level":0.95,"lower_bound":323857210.0,"upper_bound":324548839.0},"point_estimate":324187235.0,"standard_error":177017.90276380992},"median":{"confidence_interval":{"confidence_level":0.95,"lower_bound":323714150.0,"upper_bound":324602100.0},"point_estimate":324067950.0,"standard_error":212901.88569394656},"median_abs_dev":{"confidence_interval":{"confidence_level":0.95,"lower_bound":107340.23809432983,"upper_bound":961503.1479299068},"point_estimate":552268.4901952744,"standard_error":230825.14324999545},"slope":null,"std_dev":{"confidence_interval":{"confidence_level":0.95,"lower_bound":286454.5756602025,"upper_bound":744319.7927298936},"point_estimate":588003.2648482679,"standard_error":114178.78522872116}}