{"mean":{"confidence_interval":{"confidence_level":0.95,"lower_bound":6255696766.7,"upper_bound":6344961529.1},"point_estimate":6299114189.8,"standard_error":22574719.745869733},"median":{"confidence_interval":{"confidence_level":0.95,"lower_bound":6236894064.0,"upper_bound":6360898901.5},"point_estimate":6286831698.5,"standard_error":35488924.70707585},"median_abs_dev":{"confidence_interval":{"confidence_level":0.95,"lower_bound":20160591.62787795,"upper_bound":127352558.60534012},"point_estimate":89270638.75232935,"standard_error":28186189.759950638},"slope":null,"std_dev":{"confidence_interval":{"confidence_level":0.95,"lower_bound":42884149.38387116,"upper_bound":90486080.03945221},"point_estimate":75023750.03043793,"standard_error":11838491.357616981}}