{"mean":{"confidence_interval":{"confidence_level":0.95,"lower_bound":3150290395.5,"upper_bound":3328732535.9},"point_estimate":3242415972.4,"standard_error":45797782.11502588},"median":{"confidence_interval":{"confidence_level":0.95,"lower_bound":3091387489.0,"upper_bound":3360072337.0},"point_estimate":3319592721.5,"standard_error":85734518.89969687},"median_abs_dev":{"confidence_interval":{"confidence_level":0.95,"lower_bound":17989305.433925986,"upper_bound":226647619.1677004},"point_estimate":115501370.51154077,"standard_error":61715056.98282846},"slope":null,"std_dev":{"confidence_interval":{"confidence_level":0.95,"lower_bound":91227376.44353278,"upper_bound":177742026.7650515},"point_estimate":152341513.6432443,"standard_error":22003273.79960672}}