{"mean":{"confidence_interval":{"confidence_level":0.95,"lower_bound":6233067742.025,"upper_bound":6357661792.825},"point_estimate":6295092095.1,"standard_error":31944546.90406579},"median":{"confidence_interval":{"confidence_level":0.95,"lower_bound":6192010071.5,"upper_bound":6400545035.0},"point_estimate":6305003639.5,"standard_error":57340439.953178376},"median_abs_dev":{"confidence_interval":{"confidence_level":0.95,"lower_bound":18346681.70978129,"upper_bound":178436698.60901535},"point_estimate":156504379.99749184,"standard_error":44527642.88423312},"slope":null,"std_dev":{"confidence_interval":{"confidence_level":0.95,"lower_bound":68302421.56205197,"upper_bound":125040092.0244842},"point_estimate":106739292.77798429,"standard_error":14391812.22068639}}