{"mean":{"confidence_interval":{"confidence_level":0.95,"lower_bound":342949446.95,"upper_bound":351971976.0},"point_estimate":347268544.65,"standard_error":2313191.9531699396},"median":{"confidence_interval":{"confidence_level":0.95,"lower_bound":340873407.5,"upper_bound":352652660.25},"point_estimate":345657045.25,"standard_error":3179761.9828482945},"median_abs_dev":{"confidence_interval":{"confidence_level":0.95,"lower_bound":1725466.899266839,"upper_bound":13273800.589942932},"point_estimate":8627241.83383584,"standard_error":2861723.839919947},"slope":null,"std_dev":{"confidence_interval":{"confidence_level":0.95,"lower_bound":4088781.283187668,"upper_bound":10034482.644521935},"point_estimate":7707213.480977769,"standard_error":1603150.150843848}}