{"mean":{"confidence_interval":{"confidence_level":0.95,"lower_bound":0.08210708680867754,"upper_bound":0.09468296833566357},"point_estimate":0.08860599755464316,"standard_error":0.0032038668408187376},"median":{"confidence_interval":{"confidence_level":0.95,"lower_bound":0.08394600031787802,"upper_bound":0.09498170362646907},"point_estimate":0.08736850506950122,"standard_error":0.002819859130406954}}