{"mean":{"confidence_interval":{"confidence_level":0.95,"lower_bound":537734943.9125,"upper_bound":629334029.4675},"point_estimate":580734392.2,"standard_error":23148021.34440139},"median":{"confidence_interval":{"confidence_level":0.95,"lower_bound":527191829.5,"upper_bound":650284444.0},"point_estimate":531056038.5,"standard_error":33287153.012056477},"median_abs_dev":{"confidence_interval":{"confidence_level":0.95,"lower_bound":1013376.3558089733,"upper_bound":122113767.87674725},"point_estimate":7251867.938053608,"standard_error":38124331.81387017},"slope":null,"std_dev":{"confidence_interval":{"confidence_level":0.95,"lower_bound":27038754.993229207,"upper_bound":95527221.03925902},"point_estimate":77463891.0049805,"standard_error":17596199.59761613}}