{"mean":{"confidence_interval":{"confidence_level":0.95,"lower_bound":6021321.450535715,"upper_bound":6409999.913983135},"point_estimate":6204034.107733136,"standard_error":99541.42028043672},"median":{"confidence_interval":{"confidence_level":0.95,"lower_bound":5971164.1875,"upper_bound":6332410.6953125},"point_estimate":6178507.17638889,"standard_error":62679.67008019969},"median_abs_dev":{"confidence_interval":{"confidence_level":0.95,"lower_bound":17262.696477276033,"upper_bound":519585.1668155192},"point_estimate":64176.68628105371,"standard_error":156802.6258048117},"slope":{"confidence_interval":{"confidence_level":0.95,"lower_bound":6068716.725654848,"upper_bound":6258171.278576696},"point_estimate":6169978.044967532,"standard_error":46772.08013589205},"std_dev":{"confidence_interval":{"confidence_level":0.95,"lower_bound":121839.87558208336,"upper_bound":465331.91843665676},"point_estimate":334214.2124915247,"standard_error":95071.56687484696}}