{"mean":{"confidence_interval":{"confidence_level":0.95,"lower_bound":-0.010264338474146064,"upper_bound":0.020965749906753366},"point_estimate":0.005105609849546999,"standard_error":0.008040417216745234},"median":{"confidence_interval":{"confidence_level":0.95,"lower_bound":-0.014221156038229377,"upper_bound":0.02344166284202953},"point_estimate":0.0013796458767583175,"standard_error":0.009464783448780918}}