{"mean":{"confidence_interval":{"confidence_level":0.95,"lower_bound":1592671426.0,"upper_bound":1758610361.8},"point_estimate":1670407815.1,"standard_error":42597511.51173414},"median":{"confidence_interval":{"confidence_level":0.95,"lower_bound":1572912055.0,"upper_bound":1859809049.0},"point_estimate":1605966935.5,"standard_error":68517008.04356843},"median_abs_dev":{"confidence_interval":{"confidence_level":0.95,"lower_bound":12054982.579681277,"upper_bound":210889544.40986216},"point_estimate":51392183.50670636,"standard_error":54346577.39127497},"slope":null,"std_dev":{"confidence_interval":{"confidence_level":0.95,"lower_bound":42703523.93809189,"upper_bound":164363107.92825976},"point_estimate":142215626.20601636,"standard_error":25570440.857745342}}