{"mean":{"confidence_interval":{"confidence_level":0.95,"lower_bound":2195854311.095,"upper_bound":2365277456.0},"point_estimate":2282504897.5,"standard_error":43082784.88081302},"median":{"confidence_interval":{"confidence_level":0.95,"lower_bound":2116070501.0,"upper_bound":2408965235.0},"point_estimate":2370721387.0,"standard_error":90355578.24302226},"median_abs_dev":{"confidence_interval":{"confidence_level":0.95,"lower_bound":3386685.3286743164,"upper_bound":218300224.0092963},"point_estimate":62214864.57066536,"standard_error":64972856.7653788},"slope":null,"std_dev":{"confidence_interval":{"confidence_level":0.95,"lower_bound":90207943.88919291,"upper_bound":157197125.37782508},"point_estimate":143390033.14520425,"standard_error":18066365.991205215}}