{"mean":{"confidence_interval":{"confidence_level":0.95,"lower_bound":2140492856.1399999,"upper_bound":2277067977.0225},"point_estimate":2206751336.3,"standard_error":35131120.79398898},"median":{"confidence_interval":{"confidence_level":0.95,"lower_bound":2104376511.0,"upper_bound":2332799788.0},"point_estimate":2152227123.5,"standard_error":67657323.43079372},"median_abs_dev":{"confidence_interval":{"confidence_level":0.95,"lower_bound":13129559.921103716,"upper_bound":193470253.4465164},"point_estimate":92726788.33757043,"standard_error":46631899.425360404},"slope":null,"std_dev":{"confidence_interval":{"confidence_level":0.95,"lower_bound":67225321.25577803,"upper_bound":133194377.67300174},"point_estimate":116882511.41039613,"standard_error":15893631.758267872}}