{"mean":{"confidence_interval":{"confidence_level":0.95,"lower_bound":331867195.0,"upper_bound":333415350.0},"point_estimate":332589890.0,"standard_error":395748.74416740483},"median":{"confidence_interval":{"confidence_level":0.95,"lower_bound":331627125.0,"upper_bound":333282800.0},"point_estimate":332553325.0,"standard_error":438140.12797516346},"median_abs_dev":{"confidence_interval":{"confidence_level":0.95,"lower_bound":331027.50912308693,"upper_bound":2096655.8177769184},"point_estimate":1153685.169517994,"standard_error":449676.04425829084},"slope":null,"std_dev":{"confidence_interval":{"confidence_level":0.95,"lower_bound":613767.6614566785,"upper_bound":1794580.7841044054},"point_estimate":1319559.7575622627,"standard_error":325667.33598648827}}