{"mean":{"confidence_interval":{"confidence_level":0.95,"lower_bound":1041022866.1425,"upper_bound":1162548728.925},"point_estimate":1096607471.8,"standard_error":30432553.95367734},"median":{"confidence_interval":{"confidence_level":0.95,"lower_bound":1036877874.5,"upper_bound":1163721810.0},"point_estimate":1042423352.0,"standard_error":33948486.89446085},"median_abs_dev":{"confidence_interval":{"confidence_level":0.95,"lower_bound":2461160.434305668,"upper_bound":177366081.2921226},"point_estimate":9788658.020916581,"standard_error":42050462.52759031},"slope":null,"std_dev":{"confidence_interval":{"confidence_level":0.95,"lower_bound":4985433.692644822,"upper_bound":137637121.92553365},"point_estimate":100968355.77414535,"standard_error":29938771.110138122}}