{"mean":{"confidence_interval":{"confidence_level":0.95,"lower_bound":19299336600.0,"upper_bound":19408220810.0},"point_estimate":19340505440.0,"standard_error":30689297.153113887},"median":{"confidence_interval":{"confidence_level":0.95,"lower_bound":19293235050.0,"upper_bound":19334896200.0},"point_estimate":19307518350.0,"standard_error":13602097.0883596},"median_abs_dev":{"confidence_interval":{"confidence_level":0.95,"lower_bound":4552545.609176159,"upper_bound":51809678.47019434},"point_estimate":23965932.054519653,"standard_error":14536538.253214601},"slope":null,"std_dev":{"confidence_interval":{"confidence_level":0.95,"lower_bound":12562159.68166966,"upper_bound":156303168.26155543},"point_estimate":101921292.48824202,"standard_error":48773966.51643278}}