{"mean":{"confidence_interval":{"confidence_level":0.95,"lower_bound":542167890.0,"upper_bound":543186600.0},"point_estimate":542682160.0,"standard_error":260683.55286237018},"median":{"confidence_interval":{"confidence_level":0.95,"lower_bound":541848300.0,"upper_bound":543503300.0},"point_estimate":542644100.0,"standard_error":401008.63405993173},"median_abs_dev":{"confidence_interval":{"confidence_level":0.95,"lower_bound":199706.21645450592,"upper_bound":1518627.1530389786},"point_estimate":1226851.4782190323,"standard_error":362300.3845072914},"slope":null,"std_dev":{"confidence_interval":{"confidence_level":0.95,"lower_bound":527211.6140606836,"upper_bound":1037959.8238852986},"point_estimate":868401.9425230334,"standard_error":128852.21826556812}}