{"mean":{"confidence_interval":{"confidence_level":0.95,"lower_bound":337483809.42875004,"upper_bound":344210372.7},"point_estimate":340901357.35,"standard_error":1719871.6568836567},"median":{"confidence_interval":{"confidence_level":0.95,"lower_bound":336413795.75,"upper_bound":346267362.75},"point_estimate":340826214.25,"standard_error":3274950.3050343674},"median_abs_dev":{"confidence_interval":{"confidence_level":0.95,"lower_bound":1066893.0257588625,"upper_bound":9396317.219232023},"point_estimate":7388044.0043359995,"standard_error":2340045.9784251177},"slope":null,"std_dev":{"confidence_interval":{"confidence_level":0.95,"lower_bound":3754196.0999522093,"upper_bound":6840758.503173362},"point_estimate":5733072.007607503,"standard_error":799880.0946293727}}