{"mean":{"confidence_interval":{"confidence_level":0.95,"lower_bound":217415707.27583337,"upper_bound":238941458.36666664},"point_estimate":227043460.5,"standard_error":5552517.139565886},"median":{"confidence_interval":{"confidence_level":0.95,"lower_bound":211637601.0,"upper_bound":238037503.0},"point_estimate":223350514.0,"standard_error":6308366.789498802},"median_abs_dev":{"confidence_interval":{"confidence_level":0.95,"lower_bound":2305171.1490750606,"upper_bound":27832962.97186614},"point_estimate":17690626.52652859,"standard_error":6141299.454108058},"slope":null,"std_dev":{"confidence_interval":{"confidence_level":0.95,"lower_bound":7651881.488177393,"upper_bound":25801828.87424229},"point_estimate":18480801.887506865,"standard_error":5240732.139158591}}