{"mean":{"confidence_interval":{"confidence_level":0.95,"lower_bound":214423163.56666666,"upper_bound":238982688.01000002},"point_estimate":225807244.86666664,"standard_error":6282882.180390998},"median":{"confidence_interval":{"confidence_level":0.95,"lower_bound":209224286.8333333,"upper_bound":242006835.5},"point_estimate":216116997.3333333,"standard_error":9900746.483633937},"median_abs_dev":{"confidence_interval":{"confidence_level":0.95,"lower_bound":2229380.638420567,"upper_bound":35953758.785793185},"point_estimate":13683901.08606217,"standard_error":9359246.649825722},"slope":null,"std_dev":{"confidence_interval":{"confidence_level":0.95,"lower_bound":10239252.925890502,"upper_bound":26407152.111914925},"point_estimate":20940955.850852918,"standard_error":4182122.0004188064}}