{"mean":{"confidence_interval":{"confidence_level":0.95,"lower_bound":1047515317.065,"upper_bound":1158669959.4},"point_estimate":1097680472.6,"standard_error":28548601.396734733},"median":{"confidence_interval":{"confidence_level":0.95,"lower_bound":1037839791.0,"upper_bound":1166402327.0},"point_estimate":1041755482.0,"standard_error":31356975.90739055},"median_abs_dev":{"confidence_interval":{"confidence_level":0.95,"lower_bound":1611216.2626951933,"upper_bound":114483447.76291251},"point_estimate":7416619.636228681,"standard_error":35912096.7701673},"slope":null,"std_dev":{"confidence_interval":{"confidence_level":0.95,"lower_bound":22970363.04099073,"upper_bound":122573995.89597861},"point_estimate":95655703.7926776,"standard_error":26616527.415327158}}