{"mean":{"confidence_interval":{"confidence_level":0.95,"lower_bound":1066854726.2,"upper_bound":1197375835.4225},"point_estimate":1127711109.9,"standard_error":33636732.17738857},"median":{"confidence_interval":{"confidence_level":0.95,"lower_bound":1042746242.5,"upper_bound":1229756326.0},"point_estimate":1061306826.5,"standard_error":55389800.50492518},"median_abs_dev":{"confidence_interval":{"confidence_level":0.95,"lower_bound":2152155.4651916027,"upper_bound":180345523.09482694},"point_estimate":32447594.431740046,"standard_error":52641431.090258874},"slope":null,"std_dev":{"confidence_interval":{"confidence_level":0.95,"lower_bound":46811511.874146685,"upper_bound":132296534.6680282},"point_estimate":112231181.41036145,"standard_error":20702289.014987778}}