{"mean":{"confidence_interval":{"confidence_level":0.95,"lower_bound":527397123.5,"upper_bound":587454549.0},"point_estimate":548843621.0,"standard_error":17728336.65583601},"median":{"confidence_interval":{"confidence_level":0.95,"lower_bound":525374055.0,"upper_bound":538969448.0},"point_estimate":529258621.5,"standard_error":5589605.915092167},"median_abs_dev":{"confidence_interval":{"confidence_level":0.95,"lower_bound":479704.1170835495,"upper_bound":14187506.197321415},"point_estimate":5959207.553502917,"standard_error":6455161.298703555},"slope":null,"std_dev":{"confidence_interval":{"confidence_level":0.95,"lower_bound":2998086.653239786,"upper_bound":91183214.44648722},"point_estimate":59342721.472777314,"standard_error":31230341.91000219}}