{"mean":{"confidence_interval":{"confidence_level":0.95,"lower_bound":533245491.63,"upper_bound":610247633.665},"point_estimate":568975947.3,"standard_error":19408636.85529144},"median":{"confidence_interval":{"confidence_level":0.95,"lower_bound":526308765.0,"upper_bound":619311382.0},"point_estimate":533313158.5,"standard_error":24769289.403736655},"median_abs_dev":{"confidence_interval":{"confidence_level":0.95,"lower_bound":1038067.5757706165,"upper_bound":100010594.44425702},"point_estimate":10966292.369109392,"standard_error":27143817.876738954},"slope":null,"std_dev":{"confidence_interval":{"confidence_level":0.95,"lower_bound":7225452.812002916,"upper_bound":83086658.40292248},"point_estimate":64894179.97267727,"standard_error":16184701.90610612}}