{"mean":{"confidence_interval":{"confidence_level":0.95,"lower_bound":41910010880.0,"upper_bound":41955115570.0},"point_estimate":41931782940.0,"standard_error":11584827.985965693},"median":{"confidence_interval":{"confidence_level":0.95,"lower_bound":41897904450.0,"upper_bound":41964931200.0},"point_estimate":41920568000.0,"standard_error":21864285.767297223},"median_abs_dev":{"confidence_interval":{"confidence_level":0.95,"lower_bound":2854153.2093286514,"upper_bound":61095721.01533413},"point_estimate":42662184.892594814,"standard_error":16212999.123571308},"slope":null,"std_dev":{"confidence_interval":{"confidence_level":0.95,"lower_bound":22950603.720950592,"upper_bound":46946123.870171055},"point_estimate":38674375.32165768,"standard_error":6102321.0784409875}}