{"mean":{"confidence_interval":{"confidence_level":0.95,"lower_bound":444731673.1,"upper_bound":498746640.0212499},"point_estimate":468323474.85,"standard_error":14022967.096939104},"median":{"confidence_interval":{"confidence_level":0.95,"lower_bound":440536031.5,"upper_bound":500188270.75},"point_estimate":448363102.75,"standard_error":11933062.970762204},"median_abs_dev":{"confidence_interval":{"confidence_level":0.95,"lower_bound":2898116.375698149,"upper_bound":62330545.54556161},"point_estimate":13098912.355747819,"standard_error":12436727.181400351},"slope":null,"std_dev":{"confidence_interval":{"confidence_level":0.95,"lower_bound":6840008.65906784,"upper_bound":60531234.95790491},"point_estimate":46699354.29893493,"standard_error":14594702.399179913}}