{"mean":{"confidence_interval":{"confidence_level":0.95,"lower_bound":2442080704.5,"upper_bound":2456231367.25},"point_estimate":2448802630.0,"standard_error":3624495.5635625604},"median":{"confidence_interval":{"confidence_level":0.95,"lower_bound":2438590200.0,"upper_bound":2457055500.0},"point_estimate":2447247300.0,"standard_error":5084012.430600023},"median_abs_dev":{"confidence_interval":{"confidence_level":0.95,"lower_bound":3095298.095047474,"upper_bound":21471309.33880806},"point_estimate":13267638.904452324,"standard_error":4340525.774953314},"slope":null,"std_dev":{"confidence_interval":{"confidence_level":0.95,"lower_bound":6474963.089814057,"upper_bound":15885003.253005004},"point_estimate":12109320.979224594,"standard_error":2533114.463724838}}