{"mean":{"confidence_interval":{"confidence_level":0.95,"lower_bound":2605686449.5,"upper_bound":2608377242.25},"point_estimate":2606939210.0,"standard_error":690705.9185814766},"median":{"confidence_interval":{"confidence_level":0.95,"lower_bound":2605100700.0,"upper_bound":2608859600.0},"point_estimate":2606696450.0,"standard_error":873155.1158664824},"median_abs_dev":{"confidence_interval":{"confidence_level":0.95,"lower_bound":130394.66768503189,"upper_bound":3741341.033577919},"point_estimate":2592919.093966484,"standard_error":920460.7377320928},"slope":null,"std_dev":{"confidence_interval":{"confidence_level":0.95,"lower_bound":1074320.350478509,"upper_bound":3014713.105126626},"point_estimate":2306938.52369566,"standard_error":508744.8302431463}}