{"mean":{"confidence_interval":{"confidence_level":0.95,"lower_bound":536977329.75,"upper_bound":538500702.25},"point_estimate":537680010.0,"standard_error":390893.19301395136},"median":{"confidence_interval":{"confidence_level":0.95,"lower_bound":536883300.0,"upper_bound":538430150.0},"point_estimate":537492300.0,"standard_error":325874.505752191},"median_abs_dev":{"confidence_interval":{"confidence_level":0.95,"lower_bound":101928.74819040298,"upper_bound":2172602.001428604},"point_estimate":664130.6582093239,"standard_error":503364.44886541023},"slope":null,"std_dev":{"confidence_interval":{"confidence_level":0.95,"lower_bound":402747.9824075266,"upper_bound":1757906.7561228105},"point_estimate":1301328.1202508288,"standard_error":338999.3320717484}}