{"mean":{"confidence_interval":{"confidence_level":0.95,"lower_bound":11012102449.0,"upper_bound":11061480862.3475},"point_estimate":11037827151.1,"standard_error":12657519.249670625},"median":{"confidence_interval":{"confidence_level":0.95,"lower_bound":11000670935.5,"upper_bound":11076724240.0},"point_estimate":11040284428.5,"standard_error":16048379.87833574},"median_abs_dev":{"confidence_interval":{"confidence_level":0.95,"lower_bound":3692557.5640439987,"upper_bound":79190427.44658887},"point_estimate":37239498.393666744,"standard_error":18961442.975812037},"slope":null,"std_dev":{"confidence_interval":{"confidence_level":0.95,"lower_bound":21164339.69322609,"upper_bound":52578628.146598145},"point_estimate":41994684.93200182,"standard_error":8006468.988435341}}