{"mean":{"confidence_interval":{"confidence_level":0.95,"lower_bound":0.020691722770945803,"upper_bound":0.08560039862213846},"point_estimate":0.05444872338386575,"standard_error":0.016774438274806812},"median":{"confidence_interval":{"confidence_level":0.95,"lower_bound":0.03265497040655618,"upper_bound":0.09281859609212484},"point_estimate":0.0556712541744675,"standard_error":0.015583267398787931}}