{"mean":{"confidence_interval":{"confidence_level":0.95,"lower_bound":6226274915.8,"upper_bound":6360044398.575},"point_estimate":6288080689.2,"standard_error":34451550.99780949},"median":{"confidence_interval":{"confidence_level":0.95,"lower_bound":6202962224.0,"upper_bound":6364907069.5},"point_estimate":6247504466.0,"standard_error":41302438.40510823},"median_abs_dev":{"confidence_interval":{"confidence_level":0.95,"lower_bound":13454194.4591403,"upper_bound":187248264.68457878},"point_estimate":71225162.0532006,"standard_error":43051003.865598336},"slope":null,"std_dev":{"confidence_interval":{"confidence_level":0.95,"lower_bound":35160151.02734479,"upper_bound":142182738.31112298},"point_estimate":114956335.13073695,"standard_error":25386012.417417068}}