{"mean":{"confidence_interval":{"confidence_level":0.95,"lower_bound":643928162.7,"upper_bound":652901808.5325},"point_estimate":648277791.0,"standard_error":2299929.5385991624},"median":{"confidence_interval":{"confidence_level":0.95,"lower_bound":643667499.0,"upper_bound":655415556.0},"point_estimate":646496951.0,"standard_error":2696224.133496858},"median_abs_dev":{"confidence_interval":{"confidence_level":0.95,"lower_bound":1222539.336195588,"upper_bound":13803786.343833804},"point_estimate":4917887.15339005,"standard_error":3462827.011899061},"slope":null,"std_dev":{"confidence_interval":{"confidence_level":0.95,"lower_bound":3738652.8069277415,"upper_bound":9901534.158762284},"point_estimate":7664872.777398331,"standard_error":1566164.2831830056}}