{"mean":{"confidence_interval":{"confidence_level":0.95,"lower_bound":506111010.3375,"upper_bound":523656265.4},"point_estimate":513469429.4,"standard_error":4634481.280303376},"median":{"confidence_interval":{"confidence_level":0.95,"lower_bound":504555436.0,"upper_bound":517955303.0},"point_estimate":509897636.0,"standard_error":3267267.533122314},"median_abs_dev":{"confidence_interval":{"confidence_level":0.95,"lower_bound":1945831.6637545824,"upper_bound":15292848.229497671},"point_estimate":8133768.810796738,"standard_error":3684197.6186265373},"slope":null,"std_dev":{"confidence_interval":{"confidence_level":0.95,"lower_bound":4261585.236958229,"upper_bound":22816302.237687096},"point_estimate":15395302.30720508,"standard_error":5836907.791073663}}