{"mean":{"confidence_interval":{"confidence_level":0.95,"lower_bound":19615037967.25,"upper_bound":19694556710.0},"point_estimate":19650174450.0,"standard_error":20696489.37936242},"median":{"confidence_interval":{"confidence_level":0.95,"lower_bound":19616670000.0,"upper_bound":19678401750.0},"point_estimate":19624262700.0,"standard_error":16101685.473976651},"median_abs_dev":{"confidence_interval":{"confidence_level":0.95,"lower_bound":2801076.130270958,"upper_bound":91003394.85436678},"point_estimate":17073473.03688526,"standard_error":24378663.697737817},"slope":null,"std_dev":{"confidence_interval":{"confidence_level":0.95,"lower_bound":17770623.68182359,"upper_bound":95909680.28364788},"point_estimate":68733462.29349767,"standard_error":21565544.601286788}}