{"mean":{"confidence_interval":{"confidence_level":0.95,"lower_bound":3106826525.6200004,"upper_bound":3273700142.5},"point_estimate":3193730313.4,"standard_error":42594409.406674094},"median":{"confidence_interval":{"confidence_level":0.95,"lower_bound":3030020570.0,"upper_bound":3315322769.0},"point_estimate":3271994490.0,"standard_error":85160764.53405528},"median_abs_dev":{"confidence_interval":{"confidence_level":0.95,"lower_bound":5094706.4740508795,"upper_bound":217195482.43010938},"point_estimate":67171499.4743675,"standard_error":65112476.35852033},"slope":null,"std_dev":{"confidence_interval":{"confidence_level":0.95,"lower_bound":86064263.68045935,"upper_bound":159171051.67546275},"point_estimate":141721149.66204658,"standard_error":19751780.96801291}}