{"mean":{"confidence_interval":{"confidence_level":0.95,"lower_bound":3152695047.3775,"upper_bound":3289035399.9},"point_estimate":3220809242.2,"standard_error":35031089.05356754},"median":{"confidence_interval":{"confidence_level":0.95,"lower_bound":3095105068.0,"upper_bound":3341719634.0},"point_estimate":3217991422.0,"standard_error":69309797.03345218},"median_abs_dev":{"confidence_interval":{"confidence_level":0.95,"lower_bound":16711753.484407067,"upper_bound":188631869.2341149},"point_estimate":182815374.5301783,"standard_error":47602996.07067385},"slope":null,"std_dev":{"confidence_interval":{"confidence_level":0.95,"lower_bound":77996604.48557216,"upper_bound":132506903.83514132},"point_estimate":116551501.79985547,"standard_error":14021523.713064399}}