{"mean":{"confidence_interval":{"confidence_level":0.95,"lower_bound":653057860.0,"upper_bound":654198000.25},"point_estimate":653588420.0,"standard_error":291312.01246135327},"median":{"confidence_interval":{"confidence_level":0.95,"lower_bound":652977800.0,"upper_bound":654039500.0},"point_estimate":653487950.0,"standard_error":278161.4777429327},"median_abs_dev":{"confidence_interval":{"confidence_level":0.95,"lower_bound":78133.01861286163,"upper_bound":1447684.744298458},"point_estimate":638555.8086633682,"standard_error":333993.54771243833},"slope":null,"std_dev":{"confidence_interval":{"confidence_level":0.95,"lower_bound":375839.5143615896,"upper_bound":1359596.9240591393},"point_estimate":973881.9935358356,"standard_error":263071.3189107951}}