{"mean":{"confidence_interval":{"confidence_level":0.95,"lower_bound":1589055030.9475,"upper_bound":1688362904.5399997},"point_estimate":1636694635.2,"standard_error":25532772.9388728},"median":{"confidence_interval":{"confidence_level":0.95,"lower_bound":1565855213.0,"upper_bound":1707630930.5},"point_estimate":1623413500.5,"standard_error":32913520.90650386},"median_abs_dev":{"confidence_interval":{"confidence_level":0.95,"lower_bound":21927963.47410083,"upper_bound":152776017.6440835},"point_estimate":87009215.66907763,"standard_error":33725946.02768244},"slope":null,"std_dev":{"confidence_interval":{"confidence_level":0.95,"lower_bound":42265214.76840574,"upper_bound":105578514.94474438},"point_estimate":85334081.7998476,"standard_error":15866951.925012326}}