{"mean":{"confidence_interval":{"confidence_level":0.95,"lower_bound":9832613014.0,"upper_bound":9867285390.75},"point_estimate":9848634780.0,"standard_error":8895611.596317543},"median":{"confidence_interval":{"confidence_level":0.95,"lower_bound":9826891400.0,"upper_bound":9869176800.0},"point_estimate":9838896800.0,"standard_error":11206292.68833213},"median_abs_dev":{"confidence_interval":{"confidence_level":0.95,"lower_bound":4781236.655116081,"upper_bound":47393161.40860319},"point_estimate":19899234.456717968,"standard_error":11041874.777958283},"slope":null,"std_dev":{"confidence_interval":{"confidence_level":0.95,"lower_bound":12658134.605172543,"upper_bound":38826520.55731008},"point_estimate":29637313.468209106,"standard_error":6853971.155054199}}