{"mean":{"confidence_interval":{"confidence_level":0.95,"lower_bound":3151156164.6375,"upper_bound":3290478193.46},"point_estimate":3225145451.3,"standard_error":35682332.373945504},"median":{"confidence_interval":{"confidence_level":0.95,"lower_bound":3151514548.5,"upper_bound":3318844631.5},"point_estimate":3247892494.5,"standard_error":47660978.333897635},"median_abs_dev":{"confidence_interval":{"confidence_level":0.95,"lower_bound":13344443.51348877,"upper_bound":187968014.33950067},"point_estimate":92193087.18814552,"standard_error":45926243.585576564},"slope":null,"std_dev":{"confidence_interval":{"confidence_level":0.95,"lower_bound":56245433.37193695,"upper_bound":159181062.11891666},"point_estimate":119852362.9851118,"standard_error":28361217.825313978}}