{"mean":{"confidence_interval":{"confidence_level":0.95,"lower_bound":1589696134.1,"upper_bound":1673131313.5},"point_estimate":1632645840.3,"standard_error":21440759.445231553},"median":{"confidence_interval":{"confidence_level":0.95,"lower_bound":1559156256.0,"upper_bound":1686580950.5},"point_estimate":1661471150.0,"standard_error":39021606.729845636},"median_abs_dev":{"confidence_interval":{"confidence_level":0.95,"lower_bound":4857236.212366819,"upper_bound":106978659.38884914},"point_estimate":68323901.45360827,"standard_error":30279650.75816683},"slope":null,"std_dev":{"confidence_interval":{"confidence_level":0.95,"lower_bound":43694476.054401234,"upper_bound":84544032.91033255},"point_estimate":71390710.55652058,"standard_error":10446561.223240895}}