{"mean":{"confidence_interval":{"confidence_level":0.95,"lower_bound":448565655.1,"upper_bound":516349477.5},"point_estimate":478395204.6,"standard_error":17549732.32803573},"median":{"confidence_interval":{"confidence_level":0.95,"lower_bound":441717105.5,"upper_bound":504712816.0},"point_estimate":459125657.0,"standard_error":14276928.435383461},"median_abs_dev":{"confidence_interval":{"confidence_level":0.95,"lower_bound":4579493.346297741,"upper_bound":77150080.03451228},"point_estimate":36519011.88655794,"standard_error":18948298.149743497},"slope":null,"std_dev":{"confidence_interval":{"confidence_level":0.95,"lower_bound":18882870.33429571,"upper_bound":82105049.47794227},"point_estimate":58459120.127188645,"standard_error":18224966.62128842}}