{"mean":{"confidence_interval":{"confidence_level":0.95,"lower_bound":0.016578146414282752,"upper_bound":0.044734696218513365},"point_estimate":0.029741924404248055,"standard_error":0.00733114554351417},"median":{"confidence_interval":{"confidence_level":0.95,"lower_bound":0.012863664661561192,"upper_bound":0.03707215790408269},"point_estimate":0.027148392092781748,"standard_error":0.006003992414508495}}