{"mean":{"confidence_interval":{"confidence_level":0.95,"lower_bound":8440379594.3525,"upper_bound":8516353949.045},"point_estimate":8474112500.2,"standard_error":19663024.52315159},"median":{"confidence_interval":{"confidence_level":0.95,"lower_bound":8437714536.0,"upper_bound":8499843949.0},"point_estimate":8455674629.5,"standard_error":16887701.47279231},"median_abs_dev":{"confidence_interval":{"confidence_level":0.95,"lower_bound":5697585.738247633,"upper_bound":91984684.7815454},"point_estimate":41003179.24364805,"standard_error":20846425.966823302},"slope":null,"std_dev":{"confidence_interval":{"confidence_level":0.95,"lower_bound":23990772.674636867,"upper_bound":92001005.55511029},"point_estimate":65333560.477911115,"standard_error":19684349.82865588}}