{"mean":{"confidence_interval":{"confidence_level":0.95,"lower_bound":2126096090.0,"upper_bound":2134898868.25},"point_estimate":2130173140.0,"standard_error":2267037.2104320847},"median":{"confidence_interval":{"confidence_level":0.95,"lower_bound":2124890200.0,"upper_bound":2135996400.0},"point_estimate":2126398200.0,"standard_error":2938686.8683792357},"median_abs_dev":{"confidence_interval":{"confidence_level":0.95,"lower_bound":267312.7752542496,"upper_bound":11858650.019466877},"point_estimate":3814729.732275009,"standard_error":3050677.2048339997},"slope":null,"std_dev":{"confidence_interval":{"confidence_level":0.95,"lower_bound":2190336.155225697,"upper_bound":9423885.16902434},"point_estimate":7547915.730436965,"standard_error":1668945.1888092132}}