{"mean":{"confidence_interval":{"confidence_level":0.95,"lower_bound":2145513912.2675002,"upper_bound":2297447524.5},"point_estimate":2222663979.3,"standard_error":38963705.45020147},"median":{"confidence_interval":{"confidence_level":0.95,"lower_bound":2089273136.5,"upper_bound":2356834996.5},"point_estimate":2217908831.5,"standard_error":86575696.05185916},"median_abs_dev":{"confidence_interval":{"confidence_level":0.95,"lower_bound":3490049.974939227,"upper_bound":196864213.15196157},"point_estimate":194067923.59570563,"standard_error":66044466.9687317},"slope":null,"std_dev":{"confidence_interval":{"confidence_level":0.95,"lower_bound":89803843.2131226,"upper_bound":142960443.22065288},"point_estimate":128938394.46170652,"standard_error":14467264.509625023}}