{"mean":{"confidence_interval":{"confidence_level":0.95,"lower_bound":268258563.15,"upper_bound":306142816.5},"point_estimate":283871217.3,"standard_error":9785898.862359453},"median":{"confidence_interval":{"confidence_level":0.95,"lower_bound":268299959.25,"upper_bound":304159999.0},"point_estimate":269206654.5,"standard_error":8036856.608520814},"median_abs_dev":{"confidence_interval":{"confidence_level":0.95,"lower_bound":270831.7262917757,"upper_bound":51251822.80199826},"point_estimate":1361028.6290869117,"standard_error":8575989.221407885},"slope":null,"std_dev":{"confidence_interval":{"confidence_level":0.95,"lower_bound":939529.8577171322,"upper_bound":41340178.71861837},"point_estimate":32408942.21690074,"standard_error":11059945.713423716}}