{"mean":{"confidence_interval":{"confidence_level":0.95,"lower_bound":6277185293.4775,"upper_bound":6404123762.3},"point_estimate":6337552843.1,"standard_error":32539422.251983892},"median":{"confidence_interval":{"confidence_level":0.95,"lower_bound":6223040796.0,"upper_bound":6413559276.5},"point_estimate":6329108710.5,"standard_error":43031618.10968073},"median_abs_dev":{"confidence_interval":{"confidence_level":0.95,"lower_bound":6689796.496832371,"upper_bound":192257256.1237514},"point_estimate":120795127.1515578,"standard_error":45613201.22772179},"slope":null,"std_dev":{"confidence_interval":{"confidence_level":0.95,"lower_bound":57570206.42638135,"upper_bound":139916005.10543644},"point_estimate":108378882.64194965,"standard_error":22197721.921988674}}