{"mean":{"confidence_interval":{"confidence_level":0.95,"lower_bound":3111456183.3,"upper_bound":3246170284.8},"point_estimate":3177943554.2,"standard_error":34251039.75591025},"median":{"confidence_interval":{"confidence_level":0.95,"lower_bound":3070109248.0,"upper_bound":3284789445.5},"point_estimate":3160666776.0,"standard_error":53605394.625979185},"median_abs_dev":{"confidence_interval":{"confidence_level":0.95,"lower_bound":14300042.948323488,"upper_bound":190198725.36429763},"point_estimate":149358924.93124902,"standard_error":44222161.35731321},"slope":null,"std_dev":{"confidence_interval":{"confidence_level":0.95,"lower_bound":69375242.6570469,"upper_bound":136986746.0264525},"point_estimate":113601815.30080235,"standard_error":17190724.365934756}}