{"mean":{"confidence_interval":{"confidence_level":0.95,"lower_bound":4705550050.0,"upper_bound":4718614842.0},"point_estimate":4711975930.0,"standard_error":3319873.75092316},"median":{"confidence_interval":{"confidence_level":0.95,"lower_bound":4704830150.0,"upper_bound":4717744650.0},"point_estimate":4712352550.0,"standard_error":3627527.235172907},"median_abs_dev":{"confidence_interval":{"confidence_level":0.95,"lower_bound":2754744.881093502,"upper_bound":18702553.887963295},"point_estimate":9063504.289090633,"standard_error":3978219.0240248633},"slope":null,"std_dev":{"confidence_interval":{"confidence_level":0.95,"lower_bound":5121458.610932301,"upper_bound":14855155.07561451},"point_estimate":10988937.315121362,"standard_error":2496458.4142636475}}