{"mean":{"confidence_interval":{"confidence_level":0.95,"lower_bound":1254419.7372798435,"upper_bound":1264749.0386497066},"point_estimate":1259175.5173407262,"standard_error":2648.5195993271473},"median":{"confidence_interval":{"confidence_level":0.95,"lower_bound":1253365.154109589,"upper_bound":1262167.1232876712},"point_estimate":1259335.7496194826,"standard_error":2407.3098275797065},"median_abs_dev":{"confidence_interval":{"confidence_level":0.95,"lower_bound":1537.6897329745086,"upper_bound":13229.609650972308},"point_estimate":5174.883195798639,"standard_error":3007.286155245781},"slope":{"confidence_interval":{"confidence_level":0.95,"lower_bound":1254030.6437854383,"upper_bound":1261231.6424472684},"point_estimate":1258155.787226472,"standard_error":1864.1281076443256},"std_dev":{"confidence_interval":{"confidence_level":0.95,"lower_bound":3502.2357529916367,"upper_bound":12416.25080254062},"point_estimate":8838.025320815485,"standard_error":2519.8175187264837}}