{"mean":{"confidence_interval":{"confidence_level":0.95,"lower_bound":0.08482105373413695,"upper_bound":0.09203034703851523},"point_estimate":0.08825247905586231,"standard_error":0.0018125972613084738},"median":{"confidence_interval":{"confidence_level":0.95,"lower_bound":0.0830394296560184,"upper_bound":0.09254044412628115},"point_estimate":0.08751948010957245,"standard_error":0.002473993728159472}}