{"mean":{"confidence_interval":{"confidence_level":0.95,"lower_bound":3111175314.4,"upper_bound":3244770470.29},"point_estimate":3177967164.6,"standard_error":34190287.03497209},"median":{"confidence_interval":{"confidence_level":0.95,"lower_bound":3082086912.5,"upper_bound":3291454176.0},"point_estimate":3142333890.0,"standard_error":51855320.74852581},"median_abs_dev":{"confidence_interval":{"confidence_level":0.95,"lower_bound":1703478.4590572119,"upper_bound":195221842.27471948},"point_estimate":160814499.7545719,"standard_error":61667639.107004836},"slope":null,"std_dev":{"confidence_interval":{"confidence_level":0.95,"lower_bound":70341671.2950543,"upper_bound":138578065.53847256},"point_estimate":113945252.29498275,"standard_error":17814250.038238175}}