{"mean":{"confidence_interval":{"confidence_level":0.95,"lower_bound":19587372749.0,"upper_bound":19624897818.25},"point_estimate":19602766250.0,"standard_error":9995140.303880785},"median":{"confidence_interval":{"confidence_level":0.95,"lower_bound":19583944900.0,"upper_bound":19608188000.0},"point_estimate":19593735900.0,"standard_error":6133052.706278075},"median_abs_dev":{"confidence_interval":{"confidence_level":0.95,"lower_bound":2797814.410328865,"upper_bound":30045926.28657818},"point_estimate":15063957.032561302,"standard_error":7471462.44584657},"slope":null,"std_dev":{"confidence_interval":{"confidence_level":0.95,"lower_bound":7392006.875304944,"upper_bound":49522486.1220748},"point_estimate":33275275.503701277,"standard_error":13108630.971176367}}