{"mean":{"confidence_interval":{"confidence_level":0.95,"lower_bound":9739571620.0,"upper_bound":9759534300.0},"point_estimate":9749089410.0,"standard_error":5140611.276206176},"median":{"confidence_interval":{"confidence_level":0.95,"lower_bound":9735855250.0,"upper_bound":9768466600.0},"point_estimate":9740428800.0,"standard_error":9248021.27136271},"median_abs_dev":{"confidence_interval":{"confidence_level":0.95,"lower_bound":650120.0884580612,"upper_bound":26720158.025622368},"point_estimate":9949061.253368855,"standard_error":7929701.685385536},"slope":null,"std_dev":{"confidence_interval":{"confidence_level":0.95,"lower_bound":8402755.327926345,"upper_bound":19800683.87874251},"point_estimate":17113404.193948217,"standard_error":2719721.589899382}}