{"mean":{"confidence_interval":{"confidence_level":0.95,"lower_bound":526303835.0,"upper_bound":597589168.6275},"point_estimate":556432866.3,"standard_error":18925449.0754355},"median":{"confidence_interval":{"confidence_level":0.95,"lower_bound":525025218.5,"upper_bound":587804949.0},"point_estimate":527097488.0,"standard_error":13678778.46079016},"median_abs_dev":{"confidence_interval":{"confidence_level":0.95,"lower_bound":261128.85076403618,"upper_bound":88301692.95253158},"point_estimate":3108900.949805975,"standard_error":15405577.444610728},"slope":null,"std_dev":{"confidence_interval":{"confidence_level":0.95,"lower_bound":1651300.68375037,"upper_bound":84665153.62318482},"point_estimate":63470806.93794986,"standard_error":22575467.997763578}}