{"mean":{"confidence_interval":{"confidence_level":0.95,"lower_bound":526235385.8,"upper_bound":600917317.5},"point_estimate":556409678.4,"standard_error":18868239.542878553},"median":{"confidence_interval":{"confidence_level":0.95,"lower_bound":525462616.0,"upper_bound":601507407.0},"point_estimate":527459336.5,"standard_error":16628937.015448622},"median_abs_dev":{"confidence_interval":{"confidence_level":0.95,"lower_bound":630738.059002161,"upper_bound":109028542.88395643},"point_estimate":2114895.5039530993,"standard_error":17261461.089573603},"slope":null,"std_dev":{"confidence_interval":{"confidence_level":0.95,"lower_bound":1412949.7010050395,"upper_bound":77968305.76429844},"point_estimate":62872910.28542353,"standard_error":21420831.042566564}}