{"mean":{"confidence_interval":{"confidence_level":0.95,"lower_bound":536425053.6,"upper_bound":601049838.1},"point_estimate":563139425.2,"standard_error":16901804.78612857},"median":{"confidence_interval":{"confidence_level":0.95,"lower_bound":529300656.0,"upper_bound":581393362.5},"point_estimate":541109627.5,"standard_error":11774091.704902206},"median_abs_dev":{"confidence_interval":{"confidence_level":0.95,"lower_bound":3614878.9623230696,"upper_bound":59049202.2808671},"point_estimate":18298894.54742968,"standard_error":14251038.219198093},"slope":null,"std_dev":{"confidence_interval":{"confidence_level":0.95,"lower_bound":9338424.51374679,"upper_bound":80792378.10053068},"point_estimate":55927056.14638821,"standard_error":20549766.47467312}}