{"mean":{"confidence_interval":{"confidence_level":0.95,"lower_bound":-0.026167074380627802,"upper_bound":0.13361725233311647},"point_estimate":0.049415708330743824,"standard_error":0.04079946259570387},"median":{"confidence_interval":{"confidence_level":0.95,"lower_bound":-0.052253440415350405,"upper_bound":0.20074932784400823},"point_estimate":0.054772481135937134,"standard_error":0.061469085232231324}}