{"mean":{"confidence_interval":{"confidence_level":0.95,"lower_bound":1601471541.8899999,"upper_bound":1687649526.6},"point_estimate":1644892229.4,"standard_error":22091423.427905347},"median":{"confidence_interval":{"confidence_level":0.95,"lower_bound":1563773682.0,"upper_bound":1707988485.0},"point_estimate":1670186679.0,"standard_error":42073978.78285618},"median_abs_dev":{"confidence_interval":{"confidence_level":0.95,"lower_bound":14128838.975062966,"upper_bound":115425183.40539336},"point_estimate":88469332.01415539,"standard_error":30363303.20392521},"slope":null,"std_dev":{"confidence_interval":{"confidence_level":0.95,"lower_bound":47879188.462263234,"upper_bound":86144777.52034393},"point_estimate":73832120.24763648,"standard_error":9771148.701180084}}