{"mean":{"confidence_interval":{"confidence_level":0.95,"lower_bound":1565775952.32,"upper_bound":1580180138.3},"point_estimate":1572867507.9,"standard_error":3679866.129071168},"median":{"confidence_interval":{"confidence_level":0.95,"lower_bound":1559231987.0,"upper_bound":1582543504.0},"point_estimate":1572243710.5,"standard_error":5043421.264131106},"median_abs_dev":{"confidence_interval":{"confidence_level":0.95,"lower_bound":1427968.3885484934,"upper_bound":21923214.706385136},"point_estimate":17280827.24530399,"standard_error":6259457.440393098},"slope":null,"std_dev":{"confidence_interval":{"confidence_level":0.95,"lower_bound":7170410.752583215,"upper_bound":15046279.294801489},"point_estimate":12305383.045609696,"standard_error":2018367.26352775}}