{"mean":{"confidence_interval":{"confidence_level":0.95,"lower_bound":-0.016746115692031292,"upper_bound":0.026657163923867792},"point_estimate":0.0042628475852495296,"standard_error":0.010990949748524848},"median":{"confidence_interval":{"confidence_level":0.95,"lower_bound":-0.02167418648019248,"upper_bound":0.02748000122216321},"point_estimate":-0.004267568307303682,"standard_error":0.012765546513805215}}