{"mean":{"confidence_interval":{"confidence_level":0.95,"lower_bound":837540488.0,"upper_bound":931748997.8},"point_estimate":880695118.4,"standard_error":24343856.058801483},"median":{"confidence_interval":{"confidence_level":0.95,"lower_bound":821544041.0,"upper_bound":931420200.5},"point_estimate":850911885.5,"standard_error":30459142.294983994},"median_abs_dev":{"confidence_interval":{"confidence_level":0.95,"lower_bound":9349892.195606232,"upper_bound":129656341.7937398},"point_estimate":48929701.334524155,"standard_error":31213331.609048083},"slope":null,"std_dev":{"confidence_interval":{"confidence_level":0.95,"lower_bound":28033592.39444166,"upper_bound":103304443.3806831},"point_estimate":80605363.8776305,"standard_error":18716515.54899989}}