{"mean":{"confidence_interval":{"confidence_level":0.95,"lower_bound":0.08329877416205012,"upper_bound":0.09183199675624434},"point_estimate":0.08750247414307988,"standard_error":0.0021812398406538375},"median":{"confidence_interval":{"confidence_level":0.95,"lower_bound":0.08306608796633297,"upper_bound":0.09223033787808999},"point_estimate":0.0867345944549005,"standard_error":0.0024881058448372726}}