{"mean":{"confidence_interval":{"confidence_level":0.95,"lower_bound":295151785.0,"upper_bound":297670300.0},"point_estimate":296354100.0,"standard_error":643245.191830546},"median":{"confidence_interval":{"confidence_level":0.95,"lower_bound":294753525.0,"upper_bound":297802975.0},"point_estimate":295795275.0,"standard_error":844517.2360512057},"median_abs_dev":{"confidence_interval":{"confidence_level":0.95,"lower_bound":85434.82348322868,"upper_bound":3716878.1340122223},"point_estimate":2309260.654002428,"standard_error":830404.5897293638},"slope":null,"std_dev":{"confidence_interval":{"confidence_level":0.95,"lower_bound":1084320.9368719617,"upper_bound":2843839.106154644},"point_estimate":2142856.4380025296,"standard_error":474579.5086502057}}