{"mean":{"confidence_interval":{"confidence_level":0.95,"lower_bound":6269031648.6,"upper_bound":6426836279.8},"point_estimate":6342863310.6,"standard_error":40780609.832614824},"median":{"confidence_interval":{"confidence_level":0.95,"lower_bound":6235248799.0,"upper_bound":6444106785.5},"point_estimate":6290391745.5,"standard_error":56225829.557649456},"median_abs_dev":{"confidence_interval":{"confidence_level":0.95,"lower_bound":12820141.306596994,"upper_bound":219090603.24436426},"point_estimate":84443558.62342715,"standard_error":57265201.22341129},"slope":null,"std_dev":{"confidence_interval":{"confidence_level":0.95,"lower_bound":48132649.9415869,"upper_bound":167155335.3771997},"point_estimate":136101292.94915697,"standard_error":28815447.20129039}}