{"mean":{"confidence_interval":{"confidence_level":0.95,"lower_bound":6238949942.2925005,"upper_bound":6313915590.95},"point_estimate":6274574062.4,"standard_error":19185793.396626957},"median":{"confidence_interval":{"confidence_level":0.95,"lower_bound":6221587850.0,"upper_bound":6319432463.0},"point_estimate":6261488580.5,"standard_error":29205364.205020566},"median_abs_dev":{"confidence_interval":{"confidence_level":0.95,"lower_bound":12093730.329993367,"upper_bound":113833863.63434494},"point_estimate":65728876.32637918,"standard_error":24652422.42867387},"slope":null,"std_dev":{"confidence_interval":{"confidence_level":0.95,"lower_bound":34821046.303676985,"upper_bound":82166990.07897286},"point_estimate":63895662.3498172,"standard_error":12728884.498738669}}