{"mean":{"confidence_interval":{"confidence_level":0.95,"lower_bound":39271341100.0,"upper_bound":39464391973.75},"point_estimate":39342239430.0,"standard_error":55895346.824131794},"median":{"confidence_interval":{"confidence_level":0.95,"lower_bound":39262294650.0,"upper_bound":39316471500.0},"point_estimate":39289505100.0,"standard_error":19385903.201968983},"median_abs_dev":{"confidence_interval":{"confidence_level":0.95,"lower_bound":2959862.587451935,"upper_bound":65383548.399209976},"point_estimate":24749412.010610104,"standard_error":21717083.56489333},"slope":null,"std_dev":{"confidence_interval":{"confidence_level":0.95,"lower_bound":19348070.73410967,"upper_bound":286624517.99662477},"point_estimate":186424209.38168025,"standard_error":94754691.17741673}}