{"mean":{"confidence_interval":{"confidence_level":0.95,"lower_bound":273214145.0,"upper_bound":274266964.625},"point_estimate":273684635.0,"standard_error":272534.70779136836},"median":{"confidence_interval":{"confidence_level":0.95,"lower_bound":273041625.0,"upper_bound":274080300.0},"point_estimate":273467025.0,"standard_error":307724.3199919545},"median_abs_dev":{"confidence_interval":{"confidence_level":0.95,"lower_bound":95145.85331082344,"upper_bound":1302053.5820089201},"point_estimate":658793.298304081,"standard_error":285182.28610719804},"slope":null,"std_dev":{"confidence_interval":{"confidence_level":0.95,"lower_bound":373405.16414158046,"upper_bound":1271036.9393585636},"point_estimate":906134.3370022154,"standard_error":264716.7015202646}}