{"mean":{"confidence_interval":{"confidence_level":0.95,"lower_bound":24796034.304130953,"upper_bound":26866231.79527778},"point_estimate":25829495.525992062,"standard_error":528381.9823108263},"median":{"confidence_interval":{"confidence_level":0.95,"lower_bound":24343536.475,"upper_bound":27375483.816666666},"point_estimate":25765977.11607143,"standard_error":788630.6003631976},"median_abs_dev":{"confidence_interval":{"confidence_level":0.95,"lower_bound":635602.7475032955,"upper_bound":2920781.7895882586},"point_estimate":1736929.695975832,"standard_error":615440.1195785387},"slope":{"confidence_interval":{"confidence_level":0.95,"lower_bound":24005294.615081735,"upper_bound":26563352.231099658},"point_estimate":24922333.173376624,"standard_error":641729.1402661818},"std_dev":{"confidence_interval":{"confidence_level":0.95,"lower_bound":1041276.0853040771,"upper_bound":2179870.0957354037},"point_estimate":1757170.0658159903,"standard_error":290887.123000367}}