{"mean":{"confidence_interval":{"confidence_level":0.95,"lower_bound":4486107.375584415,"upper_bound":4903225.996428572},"point_estimate":4683481.632034631,"standard_error":106318.54031868567},"median":{"confidence_interval":{"confidence_level":0.95,"lower_bound":4448106.998484848,"upper_bound":4895566.8522727275},"point_estimate":4622451.116233766,"standard_error":113244.92668526094},"median_abs_dev":{"confidence_interval":{"confidence_level":0.95,"lower_bound":49068.97336157834,"upper_bound":591877.4423975291},"point_estimate":300025.0256998553,"standard_error":130618.04281795838},"slope":{"confidence_interval":{"confidence_level":0.95,"lower_bound":4426208.751787539,"upper_bound":4707826.383366633},"point_estimate":4579613.432467532,"standard_error":70792.30695152942},"std_dev":{"confidence_interval":{"confidence_level":0.95,"lower_bound":164258.13095361393,"upper_bound":480664.82166839746},"point_estimate":355218.2004894393,"standard_error":84114.88690648241}}