{"mean":{"confidence_interval":{"confidence_level":0.95,"lower_bound":71874271.48809524,"upper_bound":72054001.00089285},"point_estimate":71958120.9047619,"standard_error":45967.934816288136},"median":{"confidence_interval":{"confidence_level":0.95,"lower_bound":71834475.0,"upper_bound":72003052.08333334},"point_estimate":71967693.75,"standard_error":41341.37625162415},"median_abs_dev":{"confidence_interval":{"confidence_level":0.95,"lower_bound":17561.396688222885,"upper_bound":233509.49585437775},"point_estimate":65137.41209358345,"standard_error":58645.43219400785},"slope":{"confidence_interval":{"confidence_level":0.95,"lower_bound":71896211.45038168,"upper_bound":72010873.81549777},"point_estimate":71966923.37662338,"standard_error":29164.477652539037},"std_dev":{"confidence_interval":{"confidence_level":0.95,"lower_bound":59637.76660546094,"upper_bound":214778.63898189098},"point_estimate":153349.11866155427,"standard_error":43030.97238902273}}