{"mean":{"confidence_interval":{"confidence_level":0.95,"lower_bound":1178027140.0,"upper_bound":1183296060.0},"point_estimate":1180747050.0,"standard_error":1345281.2013846263},"median":{"confidence_interval":{"confidence_level":0.95,"lower_bound":1178596500.0,"upper_bound":1184272700.0},"point_estimate":1179614850.0,"standard_error":1797880.2336764524},"median_abs_dev":{"confidence_interval":{"confidence_level":0.95,"lower_bound":243665.30567407608,"upper_bound":7626939.044594765},"point_estimate":4576193.078756332,"standard_error":2109756.796063485},"slope":null,"std_dev":{"confidence_interval":{"confidence_level":0.95,"lower_bound":2332789.7427758034,"upper_bound":6048074.427828708},"point_estimate":4494279.5527574085,"standard_error":998371.7783337252}}