{"mean":{"confidence_interval":{"confidence_level":0.95,"lower_bound":2151231244.6375,"upper_bound":2299104485.6},"point_estimate":2224750423.7,"standard_error":37916449.53608177},"median":{"confidence_interval":{"confidence_level":0.95,"lower_bound":2102180053.0,"upper_bound":2353540137.0},"point_estimate":2217839383.5,"standard_error":90049865.95925303},"median_abs_dev":{"confidence_interval":{"confidence_level":0.95,"lower_bound":11524594.299897552,"upper_bound":191457525.38934946},"point_estimate":182546696.2803483,"standard_error":58704628.70322134},"slope":null,"std_dev":{"confidence_interval":{"confidence_level":0.95,"lower_bound":89647689.30505225,"upper_bound":135522114.0114643},"point_estimate":126203007.63298228,"standard_error":12015254.496825373}}