{"mean":{"confidence_interval":{"confidence_level":0.95,"lower_bound":1051703291.055,"upper_bound":1166306936.5},"point_estimate":1101871405.1,"standard_error":29017968.213943154},"median":{"confidence_interval":{"confidence_level":0.95,"lower_bound":1039908398.0,"upper_bound":1181150027.5},"point_estimate":1055247462.5,"standard_error":30650990.06201605},"median_abs_dev":{"confidence_interval":{"confidence_level":0.95,"lower_bound":2838262.7028107643,"upper_bound":134917888.94932866},"point_estimate":24973361.7018342,"standard_error":28757921.920484014},"slope":null,"std_dev":{"confidence_interval":{"confidence_level":0.95,"lower_bound":18817155.756603796,"upper_bound":121210759.60548575},"point_estimate":96839100.9609396,"standard_error":27474946.26215968}}