{"mean":{"confidence_interval":{"confidence_level":0.95,"lower_bound":9827187166.5,"upper_bound":10198025460.0},"point_estimate":9954310660.0,"standard_error":114647727.87251504},"median":{"confidence_interval":{"confidence_level":0.95,"lower_bound":9822079350.0,"upper_bound":9852530900.0},"point_estimate":9834400550.0,"standard_error":29685098.345419798},"median_abs_dev":{"confidence_interval":{"confidence_level":0.95,"lower_bound":4125260.2967619896,"upper_bound":36999839.07312155},"point_estimate":22072651.888132095,"standard_error":34693546.180182785},"slope":null,"std_dev":{"confidence_interval":{"confidence_level":0.95,"lower_bound":10633617.113735542,"upper_bound":583202079.4246305},"point_estimate":380503996.99788874,"standard_error":212548857.8018521}}