{"mean":{"confidence_interval":{"confidence_level":0.95,"lower_bound":38103359476.5,"upper_bound":38613008280.0},"point_estimate":38340414370.0,"standard_error":127924748.91995803},"median":{"confidence_interval":{"confidence_level":0.95,"lower_bound":38062357200.0,"upper_bound":38694040200.0},"point_estimate":38109296050.0,"standard_error":165359704.5142307},"median_abs_dev":{"confidence_interval":{"confidence_level":0.95,"lower_bound":20110430.822968483,"upper_bound":620827545.3481078},"point_estimate":81885553.27624083,"standard_error":173115261.88703635},"slope":null,"std_dev":{"confidence_interval":{"confidence_level":0.95,"lower_bound":47962385.66881343,"upper_bound":541253386.7102137},"point_estimate":426165335.6529679,"standard_error":103848181.98149069}}