{"mean":{"confidence_interval":{"confidence_level":0.95,"lower_bound":2149947690.4,"upper_bound":2308882928.2275},"point_estimate":2229645510.9,"standard_error":40811390.98217835},"median":{"confidence_interval":{"confidence_level":0.95,"lower_bound":2088158724.0,"upper_bound":2378349918.0},"point_estimate":2227235785.0,"standard_error":90677680.06051002},"median_abs_dev":{"confidence_interval":{"confidence_level":0.95,"lower_bound":4632909.940749407,"upper_bound":210828556.9186449},"point_estimate":206911435.8669877,"standard_error":62127147.341319405},"slope":null,"std_dev":{"confidence_interval":{"confidence_level":0.95,"lower_bound":92597501.85447824,"upper_bound":149807356.35391816},"point_estimate":135798274.91088915,"standard_error":14588628.611761915}}