{"mean":{"confidence_interval":{"confidence_level":0.95,"lower_bound":33317522.07074074,"upper_bound":36640811.34373842},"point_estimate":34933832.99787037,"standard_error":849641.7762180486},"median":{"confidence_interval":{"confidence_level":0.95,"lower_bound":33028982.666666668,"upper_bound":36372547.0},"point_estimate":35117230.10185185,"standard_error":989393.3554014132},"median_abs_dev":{"confidence_interval":{"confidence_level":0.95,"lower_bound":343875.19540749304,"upper_bound":4692524.482616038},"point_estimate":2088549.1588008397,"standard_error":1089937.4657739813},"slope":{"confidence_interval":{"confidence_level":0.95,"lower_bound":34232756.389133625,"upper_bound":35902498.87916667},"point_estimate":35249350.65974026,"standard_error":426466.0956671898},"std_dev":{"confidence_interval":{"confidence_level":0.95,"lower_bound":1299044.453547377,"upper_bound":3868704.7688721996},"point_estimate":2827252.667243359,"standard_error":670407.7482472697}}