{"mean":{"confidence_interval":{"confidence_level":0.95,"lower_bound":1565156382.8625002,"upper_bound":1725299238.2250001},"point_estimate":1639543810.7,"standard_error":41523003.613089085},"median":{"confidence_interval":{"confidence_level":0.95,"lower_bound":1538286063.0,"upper_bound":1815111634.0},"point_estimate":1558694519.5,"standard_error":71144526.07004368},"median_abs_dev":{"confidence_interval":{"confidence_level":0.95,"lower_bound":6007006.576654315,"upper_bound":217369311.3466233},"point_estimate":37561983.90304148,"standard_error":57532599.267065026},"slope":null,"std_dev":{"confidence_interval":{"confidence_level":0.95,"lower_bound":36656968.63272431,"upper_bound":156361092.90001097},"point_estimate":138015717.51976287,"standard_error":25393960.559312716}}