{"mean":{"confidence_interval":{"confidence_level":0.95,"lower_bound":1568768856.615,"upper_bound":1733152743.3774996},"point_estimate":1648733680.1,"standard_error":41807518.46013237},"median":{"confidence_interval":{"confidence_level":0.95,"lower_bound":1531028955.0,"upper_bound":1800574119.0},"point_estimate":1566098991.0,"standard_error":88192679.78780405},"median_abs_dev":{"confidence_interval":{"confidence_level":0.95,"lower_bound":5143542.575883865,"upper_bound":209244961.49345934},"point_estimate":58220314.735382795,"standard_error":65918719.4612283},"slope":null,"std_dev":{"confidence_interval":{"confidence_level":0.95,"lower_bound":84810194.55620801,"upper_bound":153320035.03833753},"point_estimate":139441483.88871935,"standard_error":17953864.142187558}}