{"mean":{"confidence_interval":{"confidence_level":0.95,"lower_bound":4644722.133333334,"upper_bound":4808866.771041666},"point_estimate":4726515.072619047,"standard_error":42110.62849652979},"median":{"confidence_interval":{"confidence_level":0.95,"lower_bound":4624969.404761905,"upper_bound":4848880.5},"point_estimate":4734063.75,"standard_error":59108.38388001571},"median_abs_dev":{"confidence_interval":{"confidence_level":0.95,"lower_bound":8442.665550112724,"upper_bound":233960.10034637802},"point_estimate":131020.75729891635,"standard_error":60691.12069184797},"slope":{"confidence_interval":{"confidence_level":0.95,"lower_bound":4611766.1913357405,"upper_bound":4758196.738739271},"point_estimate":4684712.467532467,"standard_error":37185.41284388426},"std_dev":{"confidence_interval":{"confidence_level":0.95,"lower_bound":76810.68365137708,"upper_bound":179045.5633191991},"point_estimate":140658.79984297507,"standard_error":25748.512728449103}}