{"mean":{"confidence_interval":{"confidence_level":0.95,"lower_bound":10479224150.0,"upper_bound":10522069930.0},"point_estimate":10495392420.0,"standard_error":12104785.056611793},"median":{"confidence_interval":{"confidence_level":0.95,"lower_bound":10476901550.0,"upper_bound":10492960900.0},"point_estimate":10482857200.0,"standard_error":4718346.502723523},"median_abs_dev":{"confidence_interval":{"confidence_level":0.95,"lower_bound":1643610.3308200836,"upper_bound":19437478.69491577},"point_estimate":11012456.084489822,"standard_error":5172277.308282708},"slope":null,"std_dev":{"confidence_interval":{"confidence_level":0.95,"lower_bound":5578143.752579746,"upper_bound":62054132.57038893},"point_estimate":40459190.50884072,"standard_error":19635538.97299203}}