{"mean":{"confidence_interval":{"confidence_level":0.95,"lower_bound":2146163961.5,"upper_bound":2291848329.9874997},"point_estimate":2219292960.6,"standard_error":37375006.59134071},"median":{"confidence_interval":{"confidence_level":0.95,"lower_bound":2091030908.0,"upper_bound":2348554701.0},"point_estimate":2222914300.0,"standard_error":83047295.89997025},"median_abs_dev":{"confidence_interval":{"confidence_level":0.95,"lower_bound":8939650.111189485,"upper_bound":198401206.75347447},"point_estimate":190902384.36170518,"standard_error":55873026.04149322},"slope":null,"std_dev":{"confidence_interval":{"confidence_level":0.95,"lower_bound":86082349.18248397,"upper_bound":137692581.35241225},"point_estimate":124774029.62692454,"standard_error":13228628.983182242}}