{"mean":{"confidence_interval":{"confidence_level":0.95,"lower_bound":9810360117.5,"upper_bound":9825368287.0},"point_estimate":9817815080.0,"standard_error":3844061.043108015},"median":{"confidence_interval":{"confidence_level":0.95,"lower_bound":9807331450.0,"upper_bound":9826484950.0},"point_estimate":9817614350.0,"standard_error":5441682.420475535},"median_abs_dev":{"confidence_interval":{"confidence_level":0.95,"lower_bound":1587197.4018216133,"upper_bound":21664047.335386276},"point_estimate":10795032.798349857,"standard_error":5258076.390051184},"slope":null,"std_dev":{"confidence_interval":{"confidence_level":0.95,"lower_bound":6990247.534516179,"upper_bound":16491291.15860457},"point_estimate":12782581.229313584,"standard_error":2449408.990713336}}