{"mean":{"confidence_interval":{"confidence_level":0.95,"lower_bound":7107349.1689153435,"upper_bound":7326459.84165172},"point_estimate":7218433.67868783,"standard_error":55867.06778330618},"median":{"confidence_interval":{"confidence_level":0.95,"lower_bound":7113083.375,"upper_bound":7353309.25},"point_estimate":7215966.24,"standard_error":54378.1549233996},"median_abs_dev":{"confidence_interval":{"confidence_level":0.95,"lower_bound":33830.549355388,"upper_bound":329430.1381339692},"point_estimate":123358.53610105895,"standard_error":78447.98169649694},"slope":{"confidence_interval":{"confidence_level":0.95,"lower_bound":7100264.372240547,"upper_bound":7363459.642273042},"point_estimate":7230833.377662337,"standard_error":71656.4591701076},"std_dev":{"confidence_interval":{"confidence_level":0.95,"lower_bound":82051.9055528599,"upper_bound":248285.8919039617},"point_estimate":186372.49634264671,"standard_error":41007.05487781116}}