{"mean":{"confidence_interval":{"confidence_level":0.95,"lower_bound":1051986228.2,"upper_bound":1163184044.735},"point_estimate":1106382621.5,"standard_error":29269297.39531072},"median":{"confidence_interval":{"confidence_level":0.95,"lower_bound":1050667587.0,"upper_bound":1189933901.0},"point_estimate":1052580508.0,"standard_error":34993347.66879122},"median_abs_dev":{"confidence_interval":{"confidence_level":0.95,"lower_bound":380323.9582479,"upper_bound":202736979.9378991},"point_estimate":3335897.3839759827,"standard_error":43933189.1872533},"slope":null,"std_dev":{"confidence_interval":{"confidence_level":0.95,"lower_bound":4508478.1398954075,"upper_bound":132442649.43399553},"point_estimate":97461711.08377029,"standard_error":28494661.116404723}}