{"mean":{"confidence_interval":{"confidence_level":0.95,"lower_bound":2402257960.0,"upper_bound":2413235390.0},"point_estimate":2407433580.0,"standard_error":2817218.848844974},"median":{"confidence_interval":{"confidence_level":0.95,"lower_bound":2401187500.0,"upper_bound":2413180200.0},"point_estimate":2405056400.0,"standard_error":3086099.4825740294},"median_abs_dev":{"confidence_interval":{"confidence_level":0.95,"lower_bound":939375.3433227539,"upper_bound":15179748.0905056},"point_estimate":8569205.457866192,"standard_error":3521970.210038818},"slope":null,"std_dev":{"confidence_interval":{"confidence_level":0.95,"lower_bound":4358770.916023197,"upper_bound":12509259.446585394},"point_estimate":9352141.115131514,"standard_error":2205986.4527654145}}