{"mean":{"confidence_interval":{"confidence_level":0.95,"lower_bound":1568151246.9,"upper_bound":1711123000.5},"point_estimate":1635246486.7,"standard_error":36627034.14297396},"median":{"confidence_interval":{"confidence_level":0.95,"lower_bound":1544309085.0,"upper_bound":1804983414.0},"point_estimate":1582615022.5,"standard_error":59365529.84122907},"median_abs_dev":{"confidence_interval":{"confidence_level":0.95,"lower_bound":6543469.068530202,"upper_bound":170317627.55305767},"point_estimate":70934450.88516176,"standard_error":45425242.87021676},"slope":null,"std_dev":{"confidence_interval":{"confidence_level":0.95,"lower_bound":32226787.86767275,"upper_bound":139853287.24111927},"point_estimate":122040053.27155128,"standard_error":21787726.49492179}}