{"mean":{"confidence_interval":{"confidence_level":0.95,"lower_bound":3092589451.09,"upper_bound":3243193473.3525},"point_estimate":3169234291.8,"standard_error":38660998.18269196},"median":{"confidence_interval":{"confidence_level":0.95,"lower_bound":3061775640.5,"upper_bound":3291894497.0},"point_estimate":3155399514.0,"standard_error":60364801.26147428},"median_abs_dev":{"confidence_interval":{"confidence_level":0.95,"lower_bound":14108417.643025517,"upper_bound":233509610.7558757},"point_estimate":181013317.25757122,"standard_error":59735213.19004583},"slope":null,"std_dev":{"confidence_interval":{"confidence_level":0.95,"lower_bound":76696650.1460752,"upper_bound":154319869.50813988},"point_estimate":128004778.56145784,"standard_error":19814601.37545964}}