{"mean":{"confidence_interval":{"confidence_level":0.95,"lower_bound":3105764215.5,"upper_bound":3244543522.9875},"point_estimate":3177696041.3,"standard_error":35489993.37622448},"median":{"confidence_interval":{"confidence_level":0.95,"lower_bound":3077500600.5,"upper_bound":3279427197.0},"point_estimate":3181525141.0,"standard_error":53166564.05568738},"median_abs_dev":{"confidence_interval":{"confidence_level":0.95,"lower_bound":15307388.087439537,"upper_bound":206328436.04453802},"point_estimate":137495891.60495996,"standard_error":50505197.6927646},"slope":null,"std_dev":{"confidence_interval":{"confidence_level":0.95,"lower_bound":65253419.53763025,"upper_bound":145324827.5688419},"point_estimate":118461893.17091781,"standard_error":20403981.617419098}}