{"mean":{"confidence_interval":{"confidence_level":0.95,"lower_bound":9462900919.25,"upper_bound":9476199360.0},"point_estimate":9470019050.0,"standard_error":3413736.017086415},"median":{"confidence_interval":{"confidence_level":0.95,"lower_bound":9462260550.0,"upper_bound":9477645150.0},"point_estimate":9472898300.0,"standard_error":3697894.7525213333},"median_abs_dev":{"confidence_interval":{"confidence_level":0.95,"lower_bound":1664292.6004529,"upper_bound":18101063.07864189},"point_estimate":7709445.733129978,"standard_error":4326694.762333026},"slope":null,"std_dev":{"confidence_interval":{"confidence_level":0.95,"lower_bound":4232418.84195997,"upper_bound":14374039.83340791},"point_estimate":11339850.043124713,"standard_error":2541087.3026526705}}