{"mean":{"confidence_interval":{"confidence_level":0.95,"lower_bound":2153297476.4625,"upper_bound":2335184260.9},"point_estimate":2244352121.9,"standard_error":47353338.183061786},"median":{"confidence_interval":{"confidence_level":0.95,"lower_bound":2090528123.0,"upper_bound":2391212087.0},"point_estimate":2248254025.5,"standard_error":124722010.36279044},"median_abs_dev":{"confidence_interval":{"confidence_level":0.95,"lower_bound":2464620.8226442337,"upper_bound":227585985.60174108},"point_estimate":219875702.94092596,"standard_error":86521283.99460793},"slope":null,"std_dev":{"confidence_interval":{"confidence_level":0.95,"lower_bound":120952718.1114638,"upper_bound":161597487.02788123},"point_estimate":157581302.5673934,"standard_error":13447135.32218326}}