{"mean":{"confidence_interval":{"confidence_level":0.95,"lower_bound":8561386.062049061,"upper_bound":8661319.096158009},"point_estimate":8607969.546176046,"standard_error":25701.860856736374},"median":{"confidence_interval":{"confidence_level":0.95,"lower_bound":8537083.333333332,"upper_bound":8676192.045454547},"point_estimate":8584743.636363637,"standard_error":35348.582334138286},"median_abs_dev":{"confidence_interval":{"confidence_level":0.95,"lower_bound":13449.995064246681,"upper_bound":140173.08842052188},"point_estimate":76708.85618360092,"standard_error":33633.34601173483},"slope":{"confidence_interval":{"confidence_level":0.95,"lower_bound":8537524.93339658,"upper_bound":8595735.960874569},"point_estimate":8559984.81700118,"standard_error":14936.891845021937},"std_dev":{"confidence_interval":{"confidence_level":0.95,"lower_bound":38936.8853399038,"upper_bound":105940.45974809538},"point_estimate":85355.0587599933,"standard_error":17082.604851316213}}