{"mean":{"confidence_interval":{"confidence_level":0.95,"lower_bound":32178887.304603178,"upper_bound":35271448.60960318},"point_estimate":33945312.32108466,"standard_error":800244.2785109306},"median":{"confidence_interval":{"confidence_level":0.95,"lower_bound":33031390.916666668,"upper_bound":35655410.74074074},"point_estimate":34428931.06190476,"standard_error":714126.0350309412},"median_abs_dev":{"confidence_interval":{"confidence_level":0.95,"lower_bound":74656.45346125287,"upper_bound":3122532.2869573073},"point_estimate":1781050.5128289226,"standard_error":784691.8608777907},"slope":{"confidence_interval":{"confidence_level":0.95,"lower_bound":33983646.74564102,"upper_bound":35360638.78327444},"point_estimate":34643250.054545455,"standard_error":350655.15981795837},"std_dev":{"confidence_interval":{"confidence_level":0.95,"lower_bound":864167.6490755271,"upper_bound":3841658.4299813397},"point_estimate":2669120.6243907283,"standard_error":893622.3448114531}}