{"mean":{"confidence_interval":{"confidence_level":0.95,"lower_bound":529652476.4,"upper_bound":598668452.525},"point_estimate":559298594.0,"standard_error":17841644.265916336},"median":{"confidence_interval":{"confidence_level":0.95,"lower_bound":526594798.5,"upper_bound":579853539.0},"point_estimate":528515595.5,"standard_error":15381947.144221887},"median_abs_dev":{"confidence_interval":{"confidence_level":0.95,"lower_bound":536919.1326677799,"upper_bound":71516356.54883087},"point_estimate":5688876.204702258,"standard_error":19301787.70288945},"slope":null,"std_dev":{"confidence_interval":{"confidence_level":0.95,"lower_bound":4664818.1149234725,"upper_bound":85675530.96189585},"point_estimate":59445248.30678261,"standard_error":21167112.882862534}}