{"mean":{"confidence_interval":{"confidence_level":0.95,"lower_bound":274228895.0,"upper_bound":274644833.375},"point_estimate":274443160.0,"standard_error":106350.32589124703},"median":{"confidence_interval":{"confidence_level":0.95,"lower_bound":274200100.0,"upper_bound":274661250.0},"point_estimate":274491300.0,"standard_error":110423.13165887819},"median_abs_dev":{"confidence_interval":{"confidence_level":0.95,"lower_bound":69089.15877342224,"upper_bound":603603.5142838955},"point_estimate":242775.74568986893,"standard_error":138285.60914306482},"slope":null,"std_dev":{"confidence_interval":{"confidence_level":0.95,"lower_bound":158026.87086906034,"upper_bound":465072.53368275275},"point_estimate":352976.0668625817,"standard_error":77454.95135331266}}