{"mean":{"confidence_interval":{"confidence_level":0.95,"lower_bound":19290567037.0,"upper_bound":19339653322.25},"point_estimate":19314104600.0,"standard_error":12662473.295862282},"median":{"confidence_interval":{"confidence_level":0.95,"lower_bound":19279362050.0,"upper_bound":19357993900.0},"point_estimate":19300369700.0,"standard_error":19025175.942051876},"median_abs_dev":{"confidence_interval":{"confidence_level":0.95,"lower_bound":1699874.999821186,"upper_bound":69517481.90581799},"point_estimate":37525124.24379587,"standard_error":16855882.991592348},"slope":null,"std_dev":{"confidence_interval":{"confidence_level":0.95,"lower_bound":21495935.859882645,"upper_bound":52331894.603259556},"point_estimate":42185917.13087832,"standard_error":7650718.639870594}}