{"mean":{"confidence_interval":{"confidence_level":0.95,"lower_bound":11017079.187400794,"upper_bound":11359875.061728394},"point_estimate":11166803.83553792,"standard_error":88915.45839947423},"median":{"confidence_interval":{"confidence_level":0.95,"lower_bound":10959123.14814815,"upper_bound":11293521.805555556},"point_estimate":11080566.419753086,"standard_error":81867.50803793747},"median_abs_dev":{"confidence_interval":{"confidence_level":0.95,"lower_bound":47467.909157277994,"upper_bound":374412.9831583961},"point_estimate":209579.8452699558,"standard_error":86214.33288609872},"slope":{"confidence_interval":{"confidence_level":0.95,"lower_bound":11080854.185764072,"upper_bound":11419385.960689932},"point_estimate":11202477.48917749,"standard_error":87661.79833353615},"std_dev":{"confidence_interval":{"confidence_level":0.95,"lower_bound":104411.29285294798,"upper_bound":423878.41904805886},"point_estimate":296971.61971121444,"standard_error":95401.02540305468}}