{"mean":{"confidence_interval":{"confidence_level":0.95,"lower_bound":5263445615.5,"upper_bound":5291300270.0},"point_estimate":5276059850.0,"standard_error":7189935.161336709},"median":{"confidence_interval":{"confidence_level":0.95,"lower_bound":5262930600.0,"upper_bound":5285383250.0},"point_estimate":5270699300.0,"standard_error":5511020.7220379915},"median_abs_dev":{"confidence_interval":{"confidence_level":0.95,"lower_bound":3651495.4751729965,"upper_bound":34643246.41495943},"point_estimate":12029816.18642807,"standard_error":7937338.928154033},"slope":null,"std_dev":{"confidence_interval":{"confidence_level":0.95,"lower_bound":8028549.3155593965,"upper_bound":33740169.34812436},"point_estimate":23968089.51109092,"standard_error":7230556.147458139}}