{"mean":{"confidence_interval":{"confidence_level":0.95,"lower_bound":1303853530.0,"upper_bound":1305322291.75},"point_estimate":1304600710.0,"standard_error":374245.0186398299},"median":{"confidence_interval":{"confidence_level":0.95,"lower_bound":1303717200.0,"upper_bound":1305298750.0},"point_estimate":1304868500.0,"standard_error":393321.03575936926},"median_abs_dev":{"confidence_interval":{"confidence_level":0.95,"lower_bound":155969.51723098755,"upper_bound":2040205.8237791061},"point_estimate":1016099.8919606209,"standard_error":502639.6850848464},"slope":null,"std_dev":{"confidence_interval":{"confidence_level":0.95,"lower_bound":579668.3964245142,"upper_bound":1656952.0193214207},"point_estimate":1245414.6462122565,"standard_error":274235.46603158466}}