{"mean":{"confidence_interval":{"confidence_level":0.95,"lower_bound":6212192126.645,"upper_bound":6374494017.0},"point_estimate":6280344236.3,"standard_error":40893057.93279343},"median":{"confidence_interval":{"confidence_level":0.95,"lower_bound":6205353651.0,"upper_bound":6379346392.5},"point_estimate":6214436152.5,"standard_error":37288400.59729004},"median_abs_dev":{"confidence_interval":{"confidence_level":0.95,"lower_bound":4174793.2205826044,"upper_bound":206791348.97561967},"point_estimate":24502196.619299054,"standard_error":37792959.56536302},"slope":null,"std_dev":{"confidence_interval":{"confidence_level":0.95,"lower_bound":14913041.422765037,"upper_bound":172141421.93661952},"point_estimate":136581663.76726606,"standard_error":42868014.1766062}}