{"mean":{"confidence_interval":{"confidence_level":0.95,"lower_bound":293344123.125,"upper_bound":295449120.0},"point_estimate":294381470.0,"standard_error":537863.3529009628},"median":{"confidence_interval":{"confidence_level":0.95,"lower_bound":292935650.0,"upper_bound":295869775.0},"point_estimate":294483200.0,"standard_error":676924.8387524192},"median_abs_dev":{"confidence_interval":{"confidence_level":0.95,"lower_bound":368982.0684492588,"upper_bound":3418171.3043153286},"point_estimate":1729860.5842888355,"standard_error":773118.1725842892},"slope":null,"std_dev":{"confidence_interval":{"confidence_level":0.95,"lower_bound":1023182.006491281,"upper_bound":2247120.4261002247},"point_estimate":1800349.3101185793,"standard_error":317871.4986821233}}