{"mean":{"confidence_interval":{"confidence_level":0.95,"lower_bound":2387366588.25,"upper_bound":2413318597.0},"point_estimate":2402822550.0,"standard_error":6960549.493234379},"median":{"confidence_interval":{"confidence_level":0.95,"lower_bound":2399946200.0,"upper_bound":2414080500.0},"point_estimate":2411411400.0,"standard_error":4457817.175143705},"median_abs_dev":{"confidence_interval":{"confidence_level":0.95,"lower_bound":323577.444255352,"upper_bound":18258070.415854454},"point_estimate":10650182.78092146,"standard_error":5429447.810833146},"slope":null,"std_dev":{"confidence_interval":{"confidence_level":0.95,"lower_bound":5375580.729186382,"upper_bound":35051163.086216636},"point_estimate":23293644.46835946,"standard_error":9727225.357991101}}