{"mean":{"confidence_interval":{"confidence_level":0.95,"lower_bound":6233186811.425,"upper_bound":6400797365.8},"point_estimate":6311561184.4,"standard_error":42974076.24601356},"median":{"confidence_interval":{"confidence_level":0.95,"lower_bound":6213226397.0,"upper_bound":6498366346.0},"point_estimate":6248289292.0,"standard_error":66275676.585459106},"median_abs_dev":{"confidence_interval":{"confidence_level":0.95,"lower_bound":12432278.327482939,"upper_bound":214458574.7092992},"point_estimate":64337329.488784075,"standard_error":55507957.94792711},"slope":null,"std_dev":{"confidence_interval":{"confidence_level":0.95,"lower_bound":37645407.49354072,"upper_bound":165396009.68708092},"point_estimate":143135440.7282592,"standard_error":26174796.02184545}}