{"mean":{"confidence_interval":{"confidence_level":0.95,"lower_bound":327164451.25,"upper_bound":327717380.0},"point_estimate":327456895.0,"standard_error":141270.3771195802},"median":{"confidence_interval":{"confidence_level":0.95,"lower_bound":327174750.0,"upper_bound":327853800.0},"point_estimate":327545175.0,"standard_error":189467.5079947607},"median_abs_dev":{"confidence_interval":{"confidence_level":0.95,"lower_bound":30578.624457120895,"upper_bound":843414.0600264072},"point_estimate":526878.9656460285,"standard_error":190000.40663533373},"slope":null,"std_dev":{"confidence_interval":{"confidence_level":0.95,"lower_bound":244378.7820532303,"upper_bound":624816.6869896903},"point_estimate":471370.9228587044,"standard_error":106075.9357541695}}