{"mean":{"confidence_interval":{"confidence_level":0.95,"lower_bound":847812015.2,"upper_bound":951722020.7},"point_estimate":894938844.7,"standard_error":26791564.006463606},"median":{"confidence_interval":{"confidence_level":0.95,"lower_bound":835956337.0,"upper_bound":941633177.5},"point_estimate":854089925.0,"standard_error":30321562.987214122},"median_abs_dev":{"confidence_interval":{"confidence_level":0.95,"lower_bound":4605437.363237143,"upper_bound":130664838.1717354},"point_estimate":34039699.98077452,"standard_error":33397912.34679013},"slope":null,"std_dev":{"confidence_interval":{"confidence_level":0.95,"lower_bound":21693914.41661199,"upper_bound":118410687.93594754},"point_estimate":89396847.2711861,"standard_error":23818064.177747164}}