{"mean":{"confidence_interval":{"confidence_level":0.95,"lower_bound":810217518.7,"upper_bound":897495165.1},"point_estimate":844288419.0,"standard_error":23959391.39969457},"median":{"confidence_interval":{"confidence_level":0.95,"lower_bound":799674388.0,"upper_bound":848713135.0},"point_estimate":820582374.0,"standard_error":11634642.740366142},"median_abs_dev":{"confidence_interval":{"confidence_level":0.95,"lower_bound":2722030.571374297,"upper_bound":54221932.37916827},"point_estimate":26199801.01726055,"standard_error":14559980.842050308},"slope":null,"std_dev":{"confidence_interval":{"confidence_level":0.95,"lower_bound":11691407.841997346,"upper_bound":120925988.75748208},"point_estimate":79739308.51366776,"standard_error":35445026.672028616}}