{"mean":{"confidence_interval":{"confidence_level":0.95,"lower_bound":-0.04848801669892378,"upper_bound":0.026632972337453802},"point_estimate":-0.014455166617458715,"standard_error":0.0192598665292991},"median":{"confidence_interval":{"confidence_level":0.95,"lower_bound":-0.060396555406209695,"upper_bound":0.022504849367817492},"point_estimate":-0.02410179049354766,"standard_error":0.021219411351856895}}