{"mean":{"confidence_interval":{"confidence_level":0.95,"lower_bound":9538615040.0,"upper_bound":9779020900.0},"point_estimate":9662324620.0,"standard_error":61620060.39168112},"median":{"confidence_interval":{"confidence_level":0.95,"lower_bound":9481867800.0,"upper_bound":9784316600.0},"point_estimate":9729171550.0,"standard_error":77171537.75362061},"median_abs_dev":{"confidence_interval":{"confidence_level":0.95,"lower_bound":9060316.699147224,"upper_bound":379481026.03286505},"point_estimate":114894381.48021698,"standard_error":96710293.30760166},"slope":null,"std_dev":{"confidence_interval":{"confidence_level":0.95,"lower_bound":104734333.68697742,"upper_bound":260787052.78409752},"point_estimate":205740007.28633106,"standard_error":38641060.28818971}}