{"mean":{"confidence_interval":{"confidence_level":0.95,"lower_bound":1076648934.72,"upper_bound":1196835522.3},"point_estimate":1135811145.7,"standard_error":30857011.390404925},"median":{"confidence_interval":{"confidence_level":0.95,"lower_bound":1037308254.0,"upper_bound":1234510005.0},"point_estimate":1118434417.5,"standard_error":70387863.76089674},"median_abs_dev":{"confidence_interval":{"confidence_level":0.95,"lower_bound":1009481.5656781197,"upper_bound":149278438.28517795},"point_estimate":121287129.43542302,"standard_error":49618095.09844512},"slope":null,"std_dev":{"confidence_interval":{"confidence_level":0.95,"lower_bound":71285629.22996262,"upper_bound":115698214.24853837},"point_estimate":103159475.84903629,"standard_error":11571361.699175538}}