{"mean":{"confidence_interval":{"confidence_level":0.95,"lower_bound":19032124.270000003,"upper_bound":19191986.16547619},"point_estimate":19107889.668253966,"standard_error":40872.102899925725},"median":{"confidence_interval":{"confidence_level":0.95,"lower_bound":18975880.0,"upper_bound":19185211.285714284},"point_estimate":19118077.5,"standard_error":53123.710244306916},"median_abs_dev":{"confidence_interval":{"confidence_level":0.95,"lower_bound":22288.419604302373,"upper_bound":238948.51975781497},"point_estimate":150965.4128531618,"standard_error":57141.1795356759},"slope":{"confidence_interval":{"confidence_level":0.95,"lower_bound":19052901.29032258,"upper_bound":19200037.65822785},"point_estimate":19129253.194805194,"standard_error":38468.11546552243},"std_dev":{"confidence_interval":{"confidence_level":0.95,"lower_bound":71467.53556965284,"upper_bound":180635.75571302112},"point_estimate":136800.36683054338,"standard_error":30332.939754297153}}