{"mean":{"confidence_interval":{"confidence_level":0.95,"lower_bound":19157594323.0,"upper_bound":19343241448.285},"point_estimate":19244998789.9,"standard_error":47638844.56837177},"median":{"confidence_interval":{"confidence_level":0.95,"lower_bound":19142174681.0,"upper_bound":19353267469.0},"point_estimate":19212906385.5,"standard_error":48927379.7028523},"median_abs_dev":{"confidence_interval":{"confidence_level":0.95,"lower_bound":32013739.718842506,"upper_bound":259086126.74420178},"point_estimate":109148082.69593418,"standard_error":62402472.16420529},"slope":null,"std_dev":{"confidence_interval":{"confidence_level":0.95,"lower_bound":65875077.83542085,"upper_bound":207604386.2716617},"point_estimate":159569935.9291824,"standard_error":35430179.994138226}}