{"mean":{"confidence_interval":{"confidence_level":0.95,"lower_bound":529846740.57750005,"upper_bound":594724416.2125},"point_estimate":555511047.0,"standard_error":18446902.390979648},"median":{"confidence_interval":{"confidence_level":0.95,"lower_bound":529305157.0,"upper_bound":560648317.5},"point_estimate":531344559.5,"standard_error":7807676.637198565},"median_abs_dev":{"confidence_interval":{"confidence_level":0.95,"lower_bound":634399.3396371603,"upper_bound":43330377.87473202},"point_estimate":2804357.8653126955,"standard_error":9988316.254162172},"slope":null,"std_dev":{"confidence_interval":{"confidence_level":0.95,"lower_bound":1988874.5217167123,"upper_bound":92895077.3997948},"point_estimate":61659183.8561089,"standard_error":28061089.86795376}}