{"mean":{"confidence_interval":{"confidence_level":0.95,"lower_bound":0.0188819185404703,"upper_bound":0.03882654234049727},"point_estimate":0.028088707437043725,"standard_error":0.005037938668931276},"median":{"confidence_interval":{"confidence_level":0.95,"lower_bound":0.01428085961712565,"upper_bound":0.038666359117113434},"point_estimate":0.03125771076323436,"standard_error":0.0059120849540945635}}