{"mean":{"confidence_interval":{"confidence_level":0.95,"lower_bound":270906850.0,"upper_bound":272298715.875},"point_estimate":271605620.0,"standard_error":356179.47894746513},"median":{"confidence_interval":{"confidence_level":0.95,"lower_bound":270656525.0,"upper_bound":272539150.0},"point_estimate":271680600.0,"standard_error":463073.2787086455},"median_abs_dev":{"confidence_interval":{"confidence_level":0.95,"lower_bound":280063.13502788544,"upper_bound":1983681.69978261},"point_estimate":1148940.8496022224,"standard_error":453930.39631970966},"slope":null,"std_dev":{"confidence_interval":{"confidence_level":0.95,"lower_bound":662757.5585376004,"upper_bound":1498905.025344423},"point_estimate":1185387.656282394,"standard_error":214557.3599021501}}