{"mean":{"confidence_interval":{"confidence_level":0.95,"lower_bound":5233437093.5,"upper_bound":5247629439.25},"point_estimate":5240374850.0,"standard_error":3635774.4879751178},"median":{"confidence_interval":{"confidence_level":0.95,"lower_bound":5231858000.0,"upper_bound":5254131600.0},"point_estimate":5236018800.0,"standard_error":5895291.671625095},"median_abs_dev":{"confidence_interval":{"confidence_level":0.95,"lower_bound":1382376.2154579163,"upper_bound":19628585.83152294},"point_estimate":8989226.030409336,"standard_error":5388580.601895831},"slope":null,"std_dev":{"confidence_interval":{"confidence_level":0.95,"lower_bound":6916538.868899675,"upper_bound":14674032.508145664},"point_estimate":12123715.978678593,"standard_error":1938904.719391061}}