{"mean":{"confidence_interval":{"confidence_level":0.95,"lower_bound":6244337279.8,"upper_bound":6338134842.535},"point_estimate":6287868372.6,"standard_error":24095473.477829844},"median":{"confidence_interval":{"confidence_level":0.95,"lower_bound":6231446728.5,"upper_bound":6360080912.0},"point_estimate":6244112856.5,"standard_error":35570375.01997578},"median_abs_dev":{"confidence_interval":{"confidence_level":0.95,"lower_bound":6191940.166971087,"upper_bound":123448951.452443},"point_estimate":36032909.60928798,"standard_error":35152365.70873113},"slope":null,"std_dev":{"confidence_interval":{"confidence_level":0.95,"lower_bound":29853371.330874912,"upper_bound":99476118.77565297},"point_estimate":79979626.17854641,"standard_error":16598321.928779848}}