{"mean":{"confidence_interval":{"confidence_level":0.95,"lower_bound":1171902843.5,"upper_bound":1182293240.0},"point_estimate":1176525850.0,"standard_error":2680994.9307934754},"median":{"confidence_interval":{"confidence_level":0.95,"lower_bound":1170397500.0,"upper_bound":1180428700.0},"point_estimate":1174676800.0,"standard_error":2435521.30681821},"median_abs_dev":{"confidence_interval":{"confidence_level":0.95,"lower_bound":1166880.3092837334,"upper_bound":11631515.703499317},"point_estimate":6194969.8600173,"standard_error":2690575.870789325},"slope":null,"std_dev":{"confidence_interval":{"confidence_level":0.95,"lower_bound":3359861.4352380666,"upper_bound":12701409.508261496},"point_estimate":8960511.08937307,"standard_error":2741213.0655934787}}