{"mean":{"confidence_interval":{"confidence_level":0.95,"lower_bound":1045043998.115,"upper_bound":1124326092.2},"point_estimate":1082371401.7,"standard_error":19696043.835692573},"median":{"confidence_interval":{"confidence_level":0.95,"lower_bound":1040860555.0,"upper_bound":1136604828.0},"point_estimate":1045463733.5,"standard_error":25764286.220443368},"median_abs_dev":{"confidence_interval":{"confidence_level":0.95,"lower_bound":2235008.34082067,"upper_bound":94226390.76774716},"point_estimate":8581555.515646935,"standard_error":26710598.965977065},"slope":null,"std_dev":{"confidence_interval":{"confidence_level":0.95,"lower_bound":5368927.557497978,"upper_bound":82494237.31423675},"point_estimate":65705101.36032232,"standard_error":15868925.5819521}}