{"mean":{"confidence_interval":{"confidence_level":0.95,"lower_bound":1046035063.8,"upper_bound":1158588508.3},"point_estimate":1099130299.1,"standard_error":29356818.327009916},"median":{"confidence_interval":{"confidence_level":0.95,"lower_bound":1040793047.5,"upper_bound":1177726929.0},"point_estimate":1046719006.5,"standard_error":34005957.890241295},"median_abs_dev":{"confidence_interval":{"confidence_level":0.95,"lower_bound":1871825.4621684551,"upper_bound":189414206.10562563},"point_estimate":11732137.539812922,"standard_error":41160320.53256416},"slope":null,"std_dev":{"confidence_interval":{"confidence_level":0.95,"lower_bound":6913287.209022306,"upper_bound":134870639.549903},"point_estimate":97992165.4237455,"standard_error":29371548.871732768}}