{"mean":{"confidence_interval":{"confidence_level":0.95,"lower_bound":1050789191.3900001,"upper_bound":1162124418.2474997},"point_estimate":1100655513.2,"standard_error":28367510.87505839},"median":{"confidence_interval":{"confidence_level":0.95,"lower_bound":1042101235.0,"upper_bound":1161849129.5},"point_estimate":1047849014.5,"standard_error":30957507.33114274},"median_abs_dev":{"confidence_interval":{"confidence_level":0.95,"lower_bound":1456996.2134331465,"upper_bound":130595150.7838726},"point_estimate":12479344.204947352,"standard_error":34085477.202639766},"slope":null,"std_dev":{"confidence_interval":{"confidence_level":0.95,"lower_bound":13808973.044637604,"upper_bound":119891075.3417078},"point_estimate":94616611.36963604,"standard_error":26123078.331747368}}