{"mean":{"confidence_interval":{"confidence_level":0.95,"lower_bound":1049412491.6999999,"upper_bound":1156388623.1},"point_estimate":1097270310.3,"standard_error":27494992.45726591},"median":{"confidence_interval":{"confidence_level":0.95,"lower_bound":1041134873.0,"upper_bound":1151081405.5},"point_estimate":1047699221.5,"standard_error":29529646.41380474},"median_abs_dev":{"confidence_interval":{"confidence_level":0.95,"lower_bound":1326511.848449707,"upper_bound":131879894.82586384},"point_estimate":15832599.869415164,"standard_error":33898374.23700071},"slope":null,"std_dev":{"confidence_interval":{"confidence_level":0.95,"lower_bound":14852493.316147756,"upper_bound":119080804.80208927},"point_estimate":91506882.41346179,"standard_error":25601963.86384605}}