{"mean":{"confidence_interval":{"confidence_level":0.95,"lower_bound":0.09049322808470535,"upper_bound":0.09577569447769724},"point_estimate":0.09286311958262061,"standard_error":0.0014054159633562183},"median":{"confidence_interval":{"confidence_level":0.95,"lower_bound":0.08955121890830275,"upper_bound":0.09342757384831968},"point_estimate":0.09056274246216,"standard_error":0.001007038428815353}}