{"mean":{"confidence_interval":{"confidence_level":0.95,"lower_bound":0.09020072291546363,"upper_bound":0.10075115266640808},"point_estimate":0.09544272115340613,"standard_error":0.002688453313594438},"median":{"confidence_interval":{"confidence_level":0.95,"lower_bound":0.08867471979634756,"upper_bound":0.10045772859890478},"point_estimate":0.0945649863477438,"standard_error":0.002844921946692618}}