{"mean":{"confidence_interval":{"confidence_level":0.95,"lower_bound":19162521.83809524,"upper_bound":19298293.81238095},"point_estimate":19235885.885714285,"standard_error":34902.6846506035},"median":{"confidence_interval":{"confidence_level":0.95,"lower_bound":19200746.0,"upper_bound":19329875.0},"point_estimate":19236181.42857143,"standard_error":33149.71524860894},"median_abs_dev":{"confidence_interval":{"confidence_level":0.95,"lower_bound":18602.923169732094,"upper_bound":176578.74234009912},"point_estimate":63961.97506444966,"standard_error":40817.02265173991},"slope":{"confidence_interval":{"confidence_level":0.95,"lower_bound":19217875.261845388,"upper_bound":19340831.739724144},"point_estimate":19279735.74025974,"standard_error":32146.080102619653},"std_dev":{"confidence_interval":{"confidence_level":0.95,"lower_bound":48804.439157457746,"upper_bound":163472.28278511678},"point_estimate":116883.55109400894,"standard_error":33474.7528786236}}