{"mean":{"confidence_interval":{"confidence_level":0.95,"lower_bound":1587928082.1,"upper_bound":1673539791.08},"point_estimate":1629420071.5,"standard_error":21899931.590969235},"median":{"confidence_interval":{"confidence_level":0.95,"lower_bound":1563286964.5,"upper_bound":1685607901.5},"point_estimate":1624026940.0,"standard_error":38193320.08554384},"median_abs_dev":{"confidence_interval":{"confidence_level":0.95,"lower_bound":10244784.35061872,"upper_bound":125824081.05807602},"point_estimate":90277022.42536247,"standard_error":30811090.34970534},"slope":null,"std_dev":{"confidence_interval":{"confidence_level":0.95,"lower_bound":44137156.48505077,"upper_bound":88617362.53267945},"point_estimate":72865720.57690132,"standard_error":11484971.36116105}}