{"mean":{"confidence_interval":{"confidence_level":0.95,"lower_bound":9644339700.0,"upper_bound":9667238850.0},"point_estimate":9656643200.0,"standard_error":5905304.31445292},"median":{"confidence_interval":{"confidence_level":0.95,"lower_bound":9641655900.0,"upper_bound":9669844800.0},"point_estimate":9664620500.0,"standard_error":7537818.716868355},"median_abs_dev":{"confidence_interval":{"confidence_level":0.95,"lower_bound":1778304.5384287834,"upper_bound":30642524.515986443},"point_estimate":15670562.811791897,"standard_error":8091881.643145232},"slope":null,"std_dev":{"confidence_interval":{"confidence_level":0.95,"lower_bound":8284331.79629403,"upper_bound":25677936.995459307},"point_estimate":19620899.68500142,"standard_error":4603296.86406294}}