{"mean":{"confidence_interval":{"confidence_level":0.95,"lower_bound":1076817517.25,"upper_bound":1080637660.0},"point_estimate":1078636080.0,"standard_error":980380.6949778168},"median":{"confidence_interval":{"confidence_level":0.95,"lower_bound":1076129350.0,"upper_bound":1081492350.0},"point_estimate":1078193600.0,"standard_error":1149842.8284739472},"median_abs_dev":{"confidence_interval":{"confidence_level":0.95,"lower_bound":340627.3439526558,"upper_bound":6395343.246459961},"point_estimate":2097360.0527644157,"standard_error":1450092.7328737425},"slope":null,"std_dev":{"confidence_interval":{"confidence_level":0.95,"lower_bound":1557701.25037356,"upper_bound":4130574.7381770816},"point_estimate":3269797.8767977557,"standard_error":652499.3504997976}}