{"mean":{"confidence_interval":{"confidence_level":0.95,"lower_bound":0.026708326391164928,"upper_bound":0.04580690590534564},"point_estimate":0.03681678928711296,"standard_error":0.004898258471677464},"median":{"confidence_interval":{"confidence_level":0.95,"lower_bound":0.02733434143644886,"upper_bound":0.050208191130692637},"point_estimate":0.039293898922705406,"standard_error":0.006188493805040996}}