{"mean":{"confidence_interval":{"confidence_level":0.95,"lower_bound":1065500420.0,"upper_bound":1068468909.0},"point_estimate":1066778670.0,"standard_error":779806.0312712531},"median":{"confidence_interval":{"confidence_level":0.95,"lower_bound":1065548700.0,"upper_bound":1067919100.0},"point_estimate":1065677050.0,"standard_error":537975.4521139817},"median_abs_dev":{"confidence_interval":{"confidence_level":0.95,"lower_bound":45664.07918930054,"upper_bound":3201897.0331549644},"point_estimate":289625.90485811234,"standard_error":706917.4627326494},"slope":null,"std_dev":{"confidence_interval":{"confidence_level":0.95,"lower_bound":340465.14693777234,"upper_bound":3600457.9657268003},"point_estimate":2606176.5976021057,"standard_error":884954.2550529457}}