{"mean":{"confidence_interval":{"confidence_level":0.95,"lower_bound":1602202892.1,"upper_bound":1691459192.3},"point_estimate":1647531146.3,"standard_error":22816355.421784304},"median":{"confidence_interval":{"confidence_level":0.95,"lower_bound":1576919536.0,"upper_bound":1710794676.0},"point_estimate":1672698829.0,"standard_error":39992999.10690275},"median_abs_dev":{"confidence_interval":{"confidence_level":0.95,"lower_bound":16566666.25098288,"upper_bound":123657007.67194927},"point_estimate":89649062.017411,"standard_error":28938067.13124469},"slope":null,"std_dev":{"confidence_interval":{"confidence_level":0.95,"lower_bound":46386040.04212009,"upper_bound":89316801.80329841},"point_estimate":76155902.65445833,"standard_error":10853297.715325153}}