{"mean":{"confidence_interval":{"confidence_level":0.95,"lower_bound":3148326148.28,"upper_bound":3294354350.59},"point_estimate":3222848059.5,"standard_error":37477304.041613124},"median":{"confidence_interval":{"confidence_level":0.95,"lower_bound":3103900365.5,"upper_bound":3322764450.5},"point_estimate":3255006045.0,"standard_error":72814068.1257266},"median_abs_dev":{"confidence_interval":{"confidence_level":0.95,"lower_bound":10764649.877089262,"upper_bound":198273399.9640435},"point_estimate":153891457.66468048,"standard_error":52699740.692904174},"slope":null,"std_dev":{"confidence_interval":{"confidence_level":0.95,"lower_bound":79916254.07353973,"upper_bound":147034107.07591245},"point_estimate":124315946.40979558,"standard_error":17087876.20475231}}