{"mean":{"confidence_interval":{"confidence_level":0.95,"lower_bound":3093600434.2,"upper_bound":3250962987.125},"point_estimate":3173090843.6,"standard_error":40352161.36378961},"median":{"confidence_interval":{"confidence_level":0.95,"lower_bound":3046123248.0,"upper_bound":3310124775.0},"point_estimate":3162678405.5,"standard_error":74300142.00205626},"median_abs_dev":{"confidence_interval":{"confidence_level":0.95,"lower_bound":17365394.00650263,"upper_bound":229764924.23545718},"point_estimate":201344040.19762874,"standard_error":60447375.06472564},"slope":null,"std_dev":{"confidence_interval":{"confidence_level":0.95,"lower_bound":86113391.7301135,"upper_bound":156960419.66975573},"point_estimate":134005545.82495138,"standard_error":18231177.206796024}}