{"mean":{"confidence_interval":{"confidence_level":0.95,"lower_bound":2148163309.8325,"upper_bound":2301037163.0},"point_estimate":2224804593.6,"standard_error":39206696.415715806},"median":{"confidence_interval":{"confidence_level":0.95,"lower_bound":2089811659.0,"upper_bound":2357910434.0},"point_estimate":2232144837.5,"standard_error":86123259.593946},"median_abs_dev":{"confidence_interval":{"confidence_level":0.95,"lower_bound":13143957.449448109,"upper_bound":205477775.77714026},"point_estimate":200105167.05752313,"standard_error":59718524.73854022},"slope":null,"std_dev":{"confidence_interval":{"confidence_level":0.95,"lower_bound":90312396.05667584,"upper_bound":144927969.974995},"point_estimate":130882667.54664044,"standard_error":14278020.62946242}}