{"mean":{"confidence_interval":{"confidence_level":0.95,"lower_bound":2151061494.98,"upper_bound":2302448027.9},"point_estimate":2227690325.6,"standard_error":38808009.66752043},"median":{"confidence_interval":{"confidence_level":0.95,"lower_bound":2095237530.0,"upper_bound":2379291376.0},"point_estimate":2222418700.0,"standard_error":79743690.4234975},"median_abs_dev":{"confidence_interval":{"confidence_level":0.95,"lower_bound":3041570.1546013355,"upper_bound":205541387.47031093},"point_estimate":191600369.44901347,"standard_error":64535897.17110836},"slope":null,"std_dev":{"confidence_interval":{"confidence_level":0.95,"lower_bound":86537910.49861027,"upper_bound":145500474.65684837},"point_estimate":129134387.14749499,"standard_error":15432021.32815843}}