{"mean":{"confidence_interval":{"confidence_level":0.95,"lower_bound":42007981960.0,"upper_bound":42130703500.0},"point_estimate":42067758840.0,"standard_error":31511420.48481398},"median":{"confidence_interval":{"confidence_level":0.95,"lower_bound":41964110100.0,"upper_bound":42137626500.0},"point_estimate":42082400450.0,"standard_error":45280138.891650036},"median_abs_dev":{"confidence_interval":{"confidence_level":0.95,"lower_bound":13959197.662174702,"upper_bound":187759277.60660648},"point_estimate":115082671.67687416,"standard_error":42308467.797804065},"slope":null,"std_dev":{"confidence_interval":{"confidence_level":0.95,"lower_bound":61835339.21760724,"upper_bound":133627016.43150859},"point_estimate":105441791.70538913,"standard_error":19005079.53438678}}