{"mean":{"confidence_interval":{"confidence_level":0.95,"lower_bound":4388941.1685,"upper_bound":4658392.271656283},"point_estimate":4531635.884671958,"standard_error":69123.0459072786},"median":{"confidence_interval":{"confidence_level":0.95,"lower_bound":4302154.35,"upper_bound":4700363.55138889},"point_estimate":4633533.905185185,"standard_error":112301.13852200232},"median_abs_dev":{"confidence_interval":{"confidence_level":0.95,"lower_bound":8106.138889421959,"upper_bound":364511.0178468136},"point_estimate":170303.09046812708,"standard_error":100456.76971341732},"slope":{"confidence_interval":{"confidence_level":0.95,"lower_bound":4392228.458681785,"upper_bound":4684406.6112794615},"point_estimate":4548453.274718614,"standard_error":82673.80319842194},"std_dev":{"confidence_interval":{"confidence_level":0.95,"lower_bound":115735.88856856916,"upper_bound":279967.4522648422},"point_estimate":229044.56647153717,"standard_error":40964.65077963652}}