{"mean":{"confidence_interval":{"confidence_level":0.95,"lower_bound":533280899.6,"upper_bound":625648204.7275},"point_estimate":573852244.8,"standard_error":23422893.50204667},"median":{"confidence_interval":{"confidence_level":0.95,"lower_bound":526405336.0,"upper_bound":623655177.0},"point_estimate":536322149.5,"standard_error":22591135.78309431},"median_abs_dev":{"confidence_interval":{"confidence_level":0.95,"lower_bound":1896704.9723267555,"upper_bound":95996888.67601454},"point_estimate":15287361.868295074,"standard_error":22660918.295464054},"slope":null,"std_dev":{"confidence_interval":{"confidence_level":0.95,"lower_bound":6497502.194458121,"upper_bound":98511787.24117327},"point_estimate":78144835.35596393,"standard_error":23201327.377360165}}