{"mean":{"confidence_interval":{"confidence_level":0.95,"lower_bound":330608850.0,"upper_bound":331229746.375},"point_estimate":330917955.0,"standard_error":158876.8364534296},"median":{"confidence_interval":{"confidence_level":0.95,"lower_bound":330397650.0,"upper_bound":331398325.0},"point_estimate":330949450.0,"standard_error":336667.25985117507},"median_abs_dev":{"confidence_interval":{"confidence_level":0.95,"lower_bound":77984.75861549377,"upper_bound":825141.0153508186},"point_estimate":756533.7015688419,"standard_error":214240.31756522623},"slope":null,"std_dev":{"confidence_interval":{"confidence_level":0.95,"lower_bound":363271.0228401191,"upper_bound":597803.4886147788},"point_estimate":528817.1409696676,"standard_error":60203.6665932635}}