{"mean":{"confidence_interval":{"confidence_level":0.95,"lower_bound":830493059.8,"upper_bound":935501921.455},"point_estimate":878694409.0,"standard_error":26916215.706100125},"median":{"confidence_interval":{"confidence_level":0.95,"lower_bound":809925211.0,"upper_bound":947789847.0},"point_estimate":846316525.5,"standard_error":33909633.993833676},"median_abs_dev":{"confidence_interval":{"confidence_level":0.95,"lower_bound":12463234.27363336,"upper_bound":150828253.41126323},"point_estimate":56666210.44757366,"standard_error":33511731.988647435},"slope":null,"std_dev":{"confidence_interval":{"confidence_level":0.95,"lower_bound":36203981.080938004,"upper_bound":117451997.40163632},"point_estimate":89121799.23420972,"standard_error":21181717.863118604}}