{"mean":{"confidence_interval":{"confidence_level":0.95,"lower_bound":529213780.64250004,"upper_bound":596257525.4},"point_estimate":557204998.3,"standard_error":17985472.481782816},"median":{"confidence_interval":{"confidence_level":0.95,"lower_bound":528423833.0,"upper_bound":583642444.0},"point_estimate":529801841.0,"standard_error":12417325.89832865},"median_abs_dev":{"confidence_interval":{"confidence_level":0.95,"lower_bound":217614.5415365696,"upper_bound":78921921.9196558},"point_estimate":2444060.867509246,"standard_error":14357654.098016214},"slope":null,"std_dev":{"confidence_interval":{"confidence_level":0.95,"lower_bound":1267901.9272852887,"upper_bound":82011116.89839302},"point_estimate":60152651.8848971,"standard_error":22247544.31476756}}