{"mean":{"confidence_interval":{"confidence_level":0.95,"lower_bound":41987272740.75,"upper_bound":42036694180.0},"point_estimate":42011643170.0,"standard_error":12617238.33916622},"median":{"confidence_interval":{"confidence_level":0.95,"lower_bound":41988912850.0,"upper_bound":42038571550.0},"point_estimate":42012562950.0,"standard_error":10990767.091518989},"median_abs_dev":{"confidence_interval":{"confidence_level":0.95,"lower_bound":5330614.075362682,"upper_bound":70796298.51311445},"point_estimate":26562335.258424282,"standard_error":17491836.283579946},"slope":null,"std_dev":{"confidence_interval":{"confidence_level":0.95,"lower_bound":16297906.891295377,"upper_bound":56337460.32487916},"point_estimate":41702668.9242374,"standard_error":9802996.028704656}}