{"mean":{"confidence_interval":{"confidence_level":0.95,"lower_bound":268791395.95,"upper_bound":308428388.75},"point_estimate":283957877.15,"standard_error":10162566.618595673},"median":{"confidence_interval":{"confidence_level":0.95,"lower_bound":268489224.5,"upper_bound":294773445.75},"point_estimate":269284676.0,"standard_error":6062543.5971082905},"median_abs_dev":{"confidence_interval":{"confidence_level":0.95,"lower_bound":331663.91516178846,"upper_bound":37311807.388933},"point_estimate":1081875.810442865,"standard_error":8075870.74768629},"slope":null,"std_dev":{"confidence_interval":{"confidence_level":0.95,"lower_bound":640548.899693183,"upper_bound":47968355.847329445},"point_estimate":33637885.512850486,"standard_error":13418839.648487834}}