{"mean":{"confidence_interval":{"confidence_level":0.95,"lower_bound":1052001729.3,"upper_bound":1166816541.1399999},"point_estimate":1102482811.0,"standard_error":29635424.377584435},"median":{"confidence_interval":{"confidence_level":0.95,"lower_bound":1037895325.0,"upper_bound":1147125200.0},"point_estimate":1045719163.0,"standard_error":35407413.70331569},"median_abs_dev":{"confidence_interval":{"confidence_level":0.95,"lower_bound":2618823.0807065964,"upper_bound":144213454.2340994},"point_estimate":14218445.09357214,"standard_error":40138310.66529194},"slope":null,"std_dev":{"confidence_interval":{"confidence_level":0.95,"lower_bound":33718175.212208614,"upper_bound":140441525.60160658},"point_estimate":99132724.10640387,"standard_error":31775132.078358676}}