{"mean":{"confidence_interval":{"confidence_level":0.95,"lower_bound":1043670762.3875,"upper_bound":1162940612.2},"point_estimate":1097453241.7,"standard_error":30124381.64307826},"median":{"confidence_interval":{"confidence_level":0.95,"lower_bound":1038761719.0,"upper_bound":1139596915.0},"point_estimate":1044713750.5,"standard_error":30252721.349074133},"median_abs_dev":{"confidence_interval":{"confidence_level":0.95,"lower_bound":2214819.776979089,"upper_bound":139468143.9415455},"point_estimate":9214378.851512074,"standard_error":37370155.89885616},"slope":null,"std_dev":{"confidence_interval":{"confidence_level":0.95,"lower_bound":5626119.99869026,"upper_bound":136697826.49484518},"point_estimate":100129509.64635964,"standard_error":30664544.26291526}}