{"mean":{"confidence_interval":{"confidence_level":0.95,"lower_bound":479731821.41749996,"upper_bound":486936901.5},"point_estimate":483378723.25,"standard_error":1843902.7846020733},"median":{"confidence_interval":{"confidence_level":0.95,"lower_bound":478406102.0,"upper_bound":486887634.5},"point_estimate":485038818.5,"standard_error":2411276.4389286614},"median_abs_dev":{"confidence_interval":{"confidence_level":0.95,"lower_bound":504300.4506468773,"upper_bound":11210828.702268004},"point_estimate":3950951.017856598,"standard_error":2821794.821567355},"slope":null,"std_dev":{"confidence_interval":{"confidence_level":0.95,"lower_bound":3269380.952996216,"upper_bound":7897746.787524196},"point_estimate":6142110.7086544875,"standard_error":1177004.9298981898}}