{"mean":{"confidence_interval":{"confidence_level":0.95,"lower_bound":42022456990.0,"upper_bound":42101293060.0},"point_estimate":42054175460.0,"standard_error":21202219.576254115},"median":{"confidence_interval":{"confidence_level":0.95,"lower_bound":42015082250.0,"upper_bound":42061028650.0},"point_estimate":42039285900.0,"standard_error":13542603.386364065},"median_abs_dev":{"confidence_interval":{"confidence_level":0.95,"lower_bound":4642613.557577133,"upper_bound":55092821.98190689},"point_estimate":33563024.07413721,"standard_error":13275764.984414224},"slope":null,"std_dev":{"confidence_interval":{"confidence_level":0.95,"lower_bound":16473299.430657815,"upper_bound":106799984.04171425},"point_estimate":70775477.36400418,"standard_error":29778805.289208557}}