{"mean":{"confidence_interval":{"confidence_level":0.95,"lower_bound":68198674.07653472,"upper_bound":71268925.54146825},"point_estimate":69359321.40081349,"standard_error":860603.5496679599},"median":{"confidence_interval":{"confidence_level":0.95,"lower_bound":68089045.20555556,"upper_bound":69271702.66666667},"point_estimate":68553059.75,"standard_error":346484.08033602766},"median_abs_dev":{"confidence_interval":{"confidence_level":0.95,"lower_bound":81405.16308601946,"upper_bound":1450509.640868318},"point_estimate":753166.3752069665,"standard_error":424598.9888645749},"slope":{"confidence_interval":{"confidence_level":0.95,"lower_bound":68083872.63835616,"upper_bound":72298867.48179758},"point_estimate":69412805.27922077,"standard_error":1191836.3319840704},"std_dev":{"confidence_interval":{"confidence_level":0.95,"lower_bound":396999.9247456753,"upper_bound":4404511.1107595},"point_estimate":2873821.363994637,"standard_error":1374798.5418370815}}