{"mean":{"confidence_interval":{"confidence_level":0.95,"lower_bound":269835560.855,"upper_bound":305419956.0612499},"point_estimate":284502117.35,"standard_error":9181478.440683696},"median":{"confidence_interval":{"confidence_level":0.95,"lower_bound":269162066.25,"upper_bound":293414032.5},"point_estimate":269944731.25,"standard_error":6309489.765701922},"median_abs_dev":{"confidence_interval":{"confidence_level":0.95,"lower_bound":155185.592494905,"upper_bound":34485345.81126273},"point_estimate":1438676.8375083804,"standard_error":8165608.022944643},"slope":null,"std_dev":{"confidence_interval":{"confidence_level":0.95,"lower_bound":1077255.6438533424,"upper_bound":43426573.286039874},"point_estimate":30486372.870327204,"standard_error":11428955.630923066}}