{"mean":{"confidence_interval":{"confidence_level":0.95,"lower_bound":542432104.75,"upper_bound":543450680.0},"point_estimate":542941040.0,"standard_error":261424.97274968133},"median":{"confidence_interval":{"confidence_level":0.95,"lower_bound":542173750.0,"upper_bound":543615250.0},"point_estimate":543012250.0,"standard_error":373525.4273218043},"median_abs_dev":{"confidence_interval":{"confidence_level":0.95,"lower_bound":211641.14624261856,"upper_bound":1551170.2224612236},"point_estimate":1021807.9018592834,"standard_error":333757.57769290096},"slope":null,"std_dev":{"confidence_interval":{"confidence_level":0.95,"lower_bound":521833.91188863455,"upper_bound":1070871.4835977752},"point_estimate":871463.5533910118,"standard_error":140443.6380474417}}