{"mean":{"confidence_interval":{"confidence_level":0.95,"lower_bound":1075626680.0,"upper_bound":1079791890.0},"point_estimate":1077617090.0,"standard_error":1067387.1485397846},"median":{"confidence_interval":{"confidence_level":0.95,"lower_bound":1074815350.0,"upper_bound":1081423600.0},"point_estimate":1075935000.0,"standard_error":1764680.652439091},"median_abs_dev":{"confidence_interval":{"confidence_level":0.95,"lower_bound":427507.7024102211,"upper_bound":5509563.892185688},"point_estimate":2901818.798482418,"standard_error":1442187.1123321357},"slope":null,"std_dev":{"confidence_interval":{"confidence_level":0.95,"lower_bound":1936401.2223136448,"upper_bound":4310419.090787139},"point_estimate":3564128.9347079215,"standard_error":607724.3067005185}}