{"mean":{"confidence_interval":{"confidence_level":0.95,"lower_bound":1608577806.7,"upper_bound":1786097705.2},"point_estimate":1695917569.8,"standard_error":45340567.956488125},"median":{"confidence_interval":{"confidence_level":0.95,"lower_bound":1566825611.5,"upper_bound":1865849843.5},"point_estimate":1617029672.5,"standard_error":99671404.65612265},"median_abs_dev":{"confidence_interval":{"confidence_level":0.95,"lower_bound":12416005.310171843,"upper_bound":222862388.72710168},"point_estimate":105126780.82672656,"standard_error":64727403.847875856},"slope":null,"std_dev":{"confidence_interval":{"confidence_level":0.95,"lower_bound":95079729.9174572,"upper_bound":164485508.32088768},"point_estimate":151824044.2385748,"standard_error":17675311.72664324}}