{"mean":{"confidence_interval":{"confidence_level":0.95,"lower_bound":5029289.060185185,"upper_bound":5114396.187169312},"point_estimate":5071041.308862435,"standard_error":21808.18094691257},"median":{"confidence_interval":{"confidence_level":0.95,"lower_bound":5017711.111111111,"upper_bound":5129884.206349206},"point_estimate":5062032.222222222,"standard_error":31563.275787772418},"median_abs_dev":{"confidence_interval":{"confidence_level":0.95,"lower_bound":14397.006688846737,"upper_bound":122817.81698621457},"point_estimate":69141.15273083257,"standard_error":30736.106718519182},"slope":{"confidence_interval":{"confidence_level":0.95,"lower_bound":5028085.64711705,"upper_bound":5123622.487675388},"point_estimate":5067716.883116883,"standard_error":24544.362426395222},"std_dev":{"confidence_interval":{"confidence_level":0.95,"lower_bound":39809.63308078272,"upper_bound":90691.3722134664},"point_estimate":72667.56472335609,"standard_error":12687.22166374192}}