{"mean":{"confidence_interval":{"confidence_level":0.95,"lower_bound":1595332507.8025,"upper_bound":1719301419.6125002},"point_estimate":1655848092.0,"standard_error":31767360.910955228},"median":{"confidence_interval":{"confidence_level":0.95,"lower_bound":1570178854.0,"upper_bound":1773828106.0},"point_estimate":1633938876.5,"standard_error":50872665.55694537},"median_abs_dev":{"confidence_interval":{"confidence_level":0.95,"lower_bound":11020586.662745476,"upper_bound":177342979.41933274},"point_estimate":95533992.0535326,"standard_error":42952968.33302817},"slope":null,"std_dev":{"confidence_interval":{"confidence_level":0.95,"lower_bound":60098928.80596407,"upper_bound":126970246.2737853},"point_estimate":105846831.3489349,"standard_error":16560421.787584655}}