{"mean":{"confidence_interval":{"confidence_level":0.95,"lower_bound":74497761.63095239,"upper_bound":75490790.1904762},"point_estimate":74954434.42658731,"standard_error":252601.6154107391},"median":{"confidence_interval":{"confidence_level":0.95,"lower_bound":74435106.25,"upper_bound":75601352.5},"point_estimate":74678506.3888889,"standard_error":285267.7505459024},"median_abs_dev":{"confidence_interval":{"confidence_level":0.95,"lower_bound":100111.97488932575,"upper_bound":1373572.866280876},"point_estimate":602757.1967989169,"standard_error":342595.7376968759},"slope":{"confidence_interval":{"confidence_level":0.95,"lower_bound":74535507.16253443,"upper_bound":75027291.81765144},"point_estimate":74709787.66233766,"standard_error":126744.05217136547},"std_dev":{"confidence_interval":{"confidence_level":0.95,"lower_bound":341842.971196552,"upper_bound":1083392.9606105455},"point_estimate":831442.9164841176,"standard_error":188321.52842947867}}