{"mean":{"confidence_interval":{"confidence_level":0.95,"lower_bound":1315890553.75,"upper_bound":1440517550.0},"point_estimate":1362923000.0,"standard_error":35038235.06635934},"median":{"confidence_interval":{"confidence_level":0.95,"lower_bound":1311590700.0,"upper_bound":1354652250.0},"point_estimate":1319415850.0,"standard_error":13586919.461700682},"median_abs_dev":{"confidence_interval":{"confidence_level":0.95,"lower_bound":2306851.4290452003,"upper_bound":56369192.29924679},"point_estimate":12186897.653639317,"standard_error":16732897.194192067},"slope":null,"std_dev":{"confidence_interval":{"confidence_level":0.95,"lower_bound":7062736.357059729,"upper_bound":179725932.14628834},"point_estimate":117503988.39479639,"standard_error":56616735.79949173}}