{"mean":{"confidence_interval":{"confidence_level":0.95,"lower_bound":1618254199.6,"upper_bound":1757493805.5},"point_estimate":1683569558.5,"standard_error":35895014.64542849},"median":{"confidence_interval":{"confidence_level":0.95,"lower_bound":1598397387.5,"upper_bound":1791064171.0},"point_estimate":1631422633.5,"standard_error":48002929.69772687},"median_abs_dev":{"confidence_interval":{"confidence_level":0.95,"lower_bound":6380934.598615766,"upper_bound":186954462.2955948},"point_estimate":89129616.80803299,"standard_error":47669325.40558152},"slope":null,"std_dev":{"confidence_interval":{"confidence_level":0.95,"lower_bound":51556655.02298729,"upper_bound":151899938.24887612},"point_estimate":119809353.78179397,"standard_error":24736012.823174655}}