{"mean":{"confidence_interval":{"confidence_level":0.95,"lower_bound":1596621829.47,"upper_bound":1716831066.6},"point_estimate":1654343537.1,"standard_error":30954601.207193345},"median":{"confidence_interval":{"confidence_level":0.95,"lower_bound":1568273327.0,"upper_bound":1784768842.0},"point_estimate":1621898680.0,"standard_error":50692688.95145399},"median_abs_dev":{"confidence_interval":{"confidence_level":0.95,"lower_bound":15577394.74684596,"upper_bound":164217826.5266508},"point_estimate":83234651.05268955,"standard_error":39473649.74228067},"slope":null,"std_dev":{"confidence_interval":{"confidence_level":0.95,"lower_bound":49230656.400029175,"upper_bound":120982213.1794104},"point_estimate":103466869.73606673,"standard_error":16433966.268860472}}