{"mean":{"confidence_interval":{"confidence_level":0.95,"lower_bound":534601715.89750004,"upper_bound":601336095.4899999},"point_estimate":563837513.9,"standard_error":17211097.748207364},"median":{"confidence_interval":{"confidence_level":0.95,"lower_bound":526289415.0,"upper_bound":595528879.5},"point_estimate":530541961.0,"standard_error":21013385.083323497},"median_abs_dev":{"confidence_interval":{"confidence_level":0.95,"lower_bound":644824.2413520813,"upper_bound":77989317.61041284},"point_estimate":7035402.411496639,"standard_error":25241591.32911385},"slope":null,"std_dev":{"confidence_interval":{"confidence_level":0.95,"lower_bound":16886842.45598434,"upper_bound":80477574.43509783},"point_estimate":57464544.14524328,"standard_error":17696757.421608772}}