{"mean":{"confidence_interval":{"confidence_level":0.95,"lower_bound":659602410.0,"upper_bound":661270300.0},"point_estimate":660350110.0,"standard_error":428354.9410294044},"median":{"confidence_interval":{"confidence_level":0.95,"lower_bound":659419900.0,"upper_bound":660792000.0},"point_estimate":660382150.0,"standard_error":387388.6499298753},"median_abs_dev":{"confidence_interval":{"confidence_level":0.95,"lower_bound":113048.2479929924,"upper_bound":1844576.7572522163},"point_estimate":847231.7549586296,"standard_error":452478.77983666724},"slope":null,"std_dev":{"confidence_interval":{"confidence_level":0.95,"lower_bound":513534.3902065351,"upper_bound":2051972.4633979867},"point_estimate":1433875.106485917,"standard_error":453301.8087107141}}