{"mean":{"confidence_interval":{"confidence_level":0.95,"lower_bound":-0.012276116832659455,"upper_bound":0.056629084616683596},"point_estimate":0.02312868791371625,"standard_error":0.017390855425954536},"median":{"confidence_interval":{"confidence_level":0.95,"lower_bound":-0.02564178463729816,"upper_bound":0.052973655313086176},"point_estimate":0.023565407262058136,"standard_error":0.02016861344259496}}