{"mean":{"confidence_interval":{"confidence_level":0.95,"lower_bound":1608657069.8,"upper_bound":1707169392.6499999},"point_estimate":1658359397.3,"standard_error":25318997.376181573},"median":{"confidence_interval":{"confidence_level":0.95,"lower_bound":1573207769.0,"upper_bound":1722911689.0},"point_estimate":1668336487.0,"standard_error":34643095.17018058},"median_abs_dev":{"confidence_interval":{"confidence_level":0.95,"lower_bound":13926282.460159063,"upper_bound":155123663.55270445},"point_estimate":107802618.77202094,"standard_error":39905153.668624364},"slope":null,"std_dev":{"confidence_interval":{"confidence_level":0.95,"lower_bound":49945922.170766786,"upper_bound":102959623.66185847},"point_estimate":84510208.19430362,"standard_error":13554094.721824432}}