{"mean":{"confidence_interval":{"confidence_level":0.95,"lower_bound":9636828461.0,"upper_bound":9658634874.75},"point_estimate":9647965830.0,"standard_error":5605185.945338315},"median":{"confidence_interval":{"confidence_level":0.95,"lower_bound":9631956450.0,"upper_bound":9667432500.0},"point_estimate":9648534400.0,"standard_error":7548422.669011442},"median_abs_dev":{"confidence_interval":{"confidence_level":0.95,"lower_bound":3285589.801669121,"upper_bound":34604921.20563984},"point_estimate":20701024.52248335,"standard_error":8506346.253963325},"slope":null,"std_dev":{"confidence_interval":{"confidence_level":0.95,"lower_bound":10587499.490937067,"upper_bound":23187020.909730658},"point_estimate":18687149.55411576,"standard_error":3261167.9613586557}}