{"mean":{"confidence_interval":{"confidence_level":0.95,"lower_bound":0.09231360536627516,"upper_bound":0.10045638150773437},"point_estimate":0.09651360917205687,"standard_error":0.002083164990200319},"median":{"confidence_interval":{"confidence_level":0.95,"lower_bound":0.09092991697357444,"upper_bound":0.10190122641382926},"point_estimate":0.09571840175785895,"standard_error":0.003150883384266488}}