{"mean":{"confidence_interval":{"confidence_level":0.95,"lower_bound":3136025706.4,"upper_bound":3307729774.3},"point_estimate":3228415753.4,"standard_error":44198403.47853393},"median":{"confidence_interval":{"confidence_level":0.95,"lower_bound":3040894406.0,"upper_bound":3336443213.0},"point_estimate":3300396239.0,"standard_error":71513099.8034643},"median_abs_dev":{"confidence_interval":{"confidence_level":0.95,"lower_bound":9496147.717809677,"upper_bound":226071039.74443674},"point_estimate":60104465.05113244,"standard_error":55529938.97500722},"slope":null,"std_dev":{"confidence_interval":{"confidence_level":0.95,"lower_bound":35132465.14257431,"upper_bound":167044578.30438522},"point_estimate":146223831.3014216,"standard_error":26892584.70518763}}