{"mean":{"confidence_interval":{"confidence_level":0.95,"lower_bound":717048595.2524999,"upper_bound":726826784.8275},"point_estimate":721822978.0,"standard_error":2493088.0659496305},"median":{"confidence_interval":{"confidence_level":0.95,"lower_bound":714557209.0,"upper_bound":727319787.0},"point_estimate":721904813.0,"standard_error":2809044.2700755005},"median_abs_dev":{"confidence_interval":{"confidence_level":0.95,"lower_bound":661865.245449543,"upper_bound":14556657.282167673},"point_estimate":9460898.903435469,"standard_error":3839977.587574413},"slope":null,"std_dev":{"confidence_interval":{"confidence_level":0.95,"lower_bound":4556080.164036807,"upper_bound":10732389.583578091},"point_estimate":8315862.98172007,"standard_error":1616193.6583906873}}