{"mean":{"confidence_interval":{"confidence_level":0.95,"lower_bound":583956760.9449999,"upper_bound":602331481.4},"point_estimate":592503440.4,"standard_error":4712374.402535664},"median":{"confidence_interval":{"confidence_level":0.95,"lower_bound":579956752.0,"upper_bound":604826762.0},"point_estimate":587004121.0,"standard_error":6704670.839562637},"median_abs_dev":{"confidence_interval":{"confidence_level":0.95,"lower_bound":2522027.8349250555,"upper_bound":25507695.180147886},"point_estimate":14467411.435452104,"standard_error":5937525.272287545},"slope":null,"std_dev":{"confidence_interval":{"confidence_level":0.95,"lower_bound":7881173.048005375,"upper_bound":19985331.95311934},"point_estimate":15670317.907326046,"standard_error":3187238.058504246}}