{"mean":{"confidence_interval":{"confidence_level":0.95,"lower_bound":0.04364346216773786,"upper_bound":0.09007228425121969},"point_estimate":0.06466505176257953,"standard_error":0.011904318881248044},"median":{"confidence_interval":{"confidence_level":0.95,"lower_bound":0.03326676900020353,"upper_bound":0.08089586625943435},"point_estimate":0.053570998371113676,"standard_error":0.012895557825047041}}