{"mean":{"confidence_interval":{"confidence_level":0.95,"lower_bound":9734481630.0,"upper_bound":9758257121.0},"point_estimate":9746190690.0,"standard_error":6113264.761784459},"median":{"confidence_interval":{"confidence_level":0.95,"lower_bound":9729434500.0,"upper_bound":9765688100.0},"point_estimate":9742961000.0,"standard_error":7681213.853304169},"median_abs_dev":{"confidence_interval":{"confidence_level":0.95,"lower_bound":2444659.096598625,"upper_bound":36345345.314741135},"point_estimate":21165226.574242115,"standard_error":10560904.522616316},"slope":null,"std_dev":{"confidence_interval":{"confidence_level":0.95,"lower_bound":11387038.415789537,"upper_bound":25324411.199908037},"point_estimate":20433481.053324115,"standard_error":3517290.7370005744}}