{"mean":{"confidence_interval":{"confidence_level":0.95,"lower_bound":268810650.0,"upper_bound":304117821.4},"point_estimate":283540818.4,"standard_error":9118732.146276971},"median":{"confidence_interval":{"confidence_level":0.95,"lower_bound":267878122.5,"upper_bound":302064532.5},"point_estimate":269799902.0,"standard_error":7313187.105419307},"median_abs_dev":{"confidence_interval":{"confidence_level":0.95,"lower_bound":503312.2977644205,"upper_bound":46368972.45118618},"point_estimate":2827538.3159011602,"standard_error":7719176.983288121},"slope":null,"std_dev":{"confidence_interval":{"confidence_level":0.95,"lower_bound":1409956.098566947,"upper_bound":39336655.18260123},"point_estimate":30540002.474942528,"standard_error":10359018.957040466}}