{"mean":{"confidence_interval":{"confidence_level":0.95,"lower_bound":74319374.06428571,"upper_bound":75465521.36194445},"point_estimate":74900615.84718254,"standard_error":292138.2585363404},"median":{"confidence_interval":{"confidence_level":0.95,"lower_bound":74039001.28571428,"upper_bound":75755569.4625},"point_estimate":74891507.65833333,"standard_error":456871.5498822447},"median_abs_dev":{"confidence_interval":{"confidence_level":0.95,"lower_bound":277000.1205472626,"upper_bound":1670947.2380797684},"point_estimate":1144871.642174467,"standard_error":349936.6702811461},"slope":{"confidence_interval":{"confidence_level":0.95,"lower_bound":74350650.13333334,"upper_bound":75567339.44951752},"point_estimate":75023859.85584415,"standard_error":318230.84935209376},"std_dev":{"confidence_interval":{"confidence_level":0.95,"lower_bound":585771.7436891099,"upper_bound":1227413.7163476988},"point_estimate":982415.4390584251,"standard_error":165617.4244095583}}