{"mean":{"confidence_interval":{"confidence_level":0.95,"lower_bound":9731660370.0,"upper_bound":9754896710.0},"point_estimate":9742326710.0,"standard_error":5982516.93002877},"median":{"confidence_interval":{"confidence_level":0.95,"lower_bound":9727255400.0,"upper_bound":9754839200.0},"point_estimate":9737245700.0,"standard_error":6537050.639096284},"median_abs_dev":{"confidence_interval":{"confidence_level":0.95,"lower_bound":3789154.8827290535,"upper_bound":30795751.223266125},"point_estimate":16268940.161168575,"standard_error":7049808.672551936},"slope":null,"std_dev":{"confidence_interval":{"confidence_level":0.95,"lower_bound":8551308.70829463,"upper_bound":27012199.472256973},"point_estimate":20003055.81518595,"standard_error":5077719.962898622}}