{"mean":{"confidence_interval":{"confidence_level":0.95,"lower_bound":12395320.353741495,"upper_bound":12618718.68646542},"point_estimate":12511642.762471657,"standard_error":57202.00185910668},"median":{"confidence_interval":{"confidence_level":0.95,"lower_bound":12277924.489795918,"upper_bound":12645985.714285715},"point_estimate":12554954.365079366,"standard_error":94643.8058173632},"median_abs_dev":{"confidence_interval":{"confidence_level":0.95,"lower_bound":9394.124083220959,"upper_bound":333918.9825003245},"point_estimate":137256.8698965361,"standard_error":85040.17353470104},"slope":{"confidence_interval":{"confidence_level":0.95,"lower_bound":12439204.255319148,"upper_bound":12631277.995391704},"point_estimate":12560116.28942486,"standard_error":50384.367530847165},"std_dev":{"confidence_interval":{"confidence_level":0.95,"lower_bound":105413.40184429135,"upper_bound":229035.54492182247},"point_estimate":188517.61782602678,"standard_error":30465.05358023753}}