{"mean":{"confidence_interval":{"confidence_level":0.95,"lower_bound":19607040676.0,"upper_bound":19631094550.0},"point_estimate":19619111610.0,"standard_error":6192108.020193218},"median":{"confidence_interval":{"confidence_level":0.95,"lower_bound":19596702100.0,"upper_bound":19637762400.0},"point_estimate":19622262750.0,"standard_error":10456959.391483419},"median_abs_dev":{"confidence_interval":{"confidence_level":0.95,"lower_bound":4515628.869831562,"upper_bound":34461331.39818907},"point_estimate":26499843.66953373,"standard_error":8209190.138441387},"slope":null,"std_dev":{"confidence_interval":{"confidence_level":0.95,"lower_bound":13110239.581368621,"upper_bound":24312155.97236402},"point_estimate":20590147.88115099,"standard_error":2882243.376465156}}