{"mean":{"confidence_interval":{"confidence_level":0.95,"lower_bound":3104644141.3075004,"upper_bound":3248160996.2},"point_estimate":3179096146.6,"standard_error":36779096.38134222},"median":{"confidence_interval":{"confidence_level":0.95,"lower_bound":3052000090.0,"upper_bound":3274667297.0},"point_estimate":3233168315.0,"standard_error":66626951.42659498},"median_abs_dev":{"confidence_interval":{"confidence_level":0.95,"lower_bound":13977392.129051685,"upper_bound":197146058.3721578},"point_estimate":97042948.94824326,"standard_error":53279765.91743222},"slope":null,"std_dev":{"confidence_interval":{"confidence_level":0.95,"lower_bound":70268735.63036908,"upper_bound":142338302.42291948},"point_estimate":122905532.47147124,"standard_error":18485323.752663396}}