{"mean":{"confidence_interval":{"confidence_level":0.95,"lower_bound":1321276312.2,"upper_bound":1329796460.28},"point_estimate":1325759056.6,"standard_error":2182002.0262714084},"median":{"confidence_interval":{"confidence_level":0.95,"lower_bound":1320081978.5,"upper_bound":1331834121.0},"point_estimate":1328279155.0,"standard_error":3333088.9282469433},"median_abs_dev":{"confidence_interval":{"confidence_level":0.95,"lower_bound":1696360.496583581,"upper_bound":12055742.412167788},"point_estimate":7478779.864025116,"standard_error":2764733.121141062},"slope":null,"std_dev":{"confidence_interval":{"confidence_level":0.95,"lower_bound":3939155.39077954,"upper_bound":9089190.290557388},"point_estimate":7262334.103053191,"standard_error":1336502.3977054565}}