{"mean":{"confidence_interval":{"confidence_level":0.95,"lower_bound":3144537287.1,"upper_bound":3291459256.3},"point_estimate":3218708374.3,"standard_error":37926129.60208881},"median":{"confidence_interval":{"confidence_level":0.95,"lower_bound":3081621255.5,"upper_bound":3337589871.0},"point_estimate":3253568673.0,"standard_error":85843380.2132565},"median_abs_dev":{"confidence_interval":{"confidence_level":0.95,"lower_bound":3623127.4072766304,"upper_bound":189406695.99545896},"point_estimate":135830779.8680216,"standard_error":59887791.97458884},"slope":null,"std_dev":{"confidence_interval":{"confidence_level":0.95,"lower_bound":84383770.94729716,"upper_bound":137714256.45726433},"point_estimate":126059911.14270476,"standard_error":13939560.088932484}}