{"mean":{"confidence_interval":{"confidence_level":0.95,"lower_bound":1563545233.9,"upper_bound":1742797340.8249998},"point_estimate":1646824385.8,"standard_error":45873722.80214323},"median":{"confidence_interval":{"confidence_level":0.95,"lower_bound":1541637534.0,"upper_bound":1828244185.0},"point_estimate":1556524890.5,"standard_error":73657584.84845383},"median_abs_dev":{"confidence_interval":{"confidence_level":0.95,"lower_bound":5166112.936583161,"upper_bound":241853114.8306489},"point_estimate":34856190.025278926,"standard_error":64361649.37779068},"slope":null,"std_dev":{"confidence_interval":{"confidence_level":0.95,"lower_bound":32781062.463754766,"upper_bound":178511709.1957391},"point_estimate":152692412.34250602,"standard_error":30088884.952499714}}