{"mean":{"confidence_interval":{"confidence_level":0.95,"lower_bound":227533976.2433333,"upper_bound":233392462.06250003},"point_estimate":230126565.33333334,"standard_error":1514988.23906009},"median":{"confidence_interval":{"confidence_level":0.95,"lower_bound":226951031.66666666,"upper_bound":232406897.33333334},"point_estimate":227868901.0,"standard_error":1472731.1490038296},"median_abs_dev":{"confidence_interval":{"confidence_level":0.95,"lower_bound":212712.57182360432,"upper_bound":6917613.3029878065},"point_estimate":1445314.561140552,"standard_error":1772481.2829202246},"slope":null,"std_dev":{"confidence_interval":{"confidence_level":0.95,"lower_bound":986683.7957825753,"upper_bound":6900986.10314213},"point_estimate":5042569.417998624,"standard_error":1486943.7954484178}}