{"mean":{"confidence_interval":{"confidence_level":0.95,"lower_bound":6227793206.8,"upper_bound":6412807724.7},"point_estimate":6313969666.8,"standard_error":47435763.064186364},"median":{"confidence_interval":{"confidence_level":0.95,"lower_bound":6180927310.0,"upper_bound":6467990365.0},"point_estimate":6246284378.0,"standard_error":68663436.65687336},"median_abs_dev":{"confidence_interval":{"confidence_level":0.95,"lower_bound":8870959.030508995,"upper_bound":260659572.28996754},"point_estimate":105193594.93584037,"standard_error":60706873.38996865},"slope":null,"std_dev":{"confidence_interval":{"confidence_level":0.95,"lower_bound":59453113.396057114,"upper_bound":189535567.97451812},"point_estimate":158111894.4230869,"standard_error":29350195.95697574}}