{"mean":{"confidence_interval":{"confidence_level":0.95,"lower_bound":6269262751.3,"upper_bound":6412018145.3},"point_estimate":6336427171.8,"standard_error":36454408.9506136},"median":{"confidence_interval":{"confidence_level":0.95,"lower_bound":6228510950.0,"upper_bound":6423600741.0},"point_estimate":6300322519.0,"standard_error":51306799.65620157},"median_abs_dev":{"confidence_interval":{"confidence_level":0.95,"lower_bound":21682443.43585968,"upper_bound":196805050.7413119},"point_estimate":107569388.00496161,"standard_error":47171709.34604014},"slope":null,"std_dev":{"confidence_interval":{"confidence_level":0.95,"lower_bound":57424271.9805362,"upper_bound":154448096.05691656},"point_estimate":121641584.4795882,"standard_error":24978991.22430279}}