{"mean":{"confidence_interval":{"confidence_level":0.95,"lower_bound":314590418.6,"upper_bound":324788518.15},"point_estimate":319304879.8,"standard_error":2622248.9384476254},"median":{"confidence_interval":{"confidence_level":0.95,"lower_bound":313275232.75,"upper_bound":326045056.0},"point_estimate":315912662.25,"standard_error":3051822.3242439576},"median_abs_dev":{"confidence_interval":{"confidence_level":0.95,"lower_bound":1026618.1974738836,"upper_bound":14018851.554715633},"point_estimate":4595119.57937032,"standard_error":3284033.3416974144},"slope":null,"std_dev":{"confidence_interval":{"confidence_level":0.95,"lower_bound":2931159.6702466053,"upper_bound":10820759.855479477},"point_estimate":8733950.2525429,"standard_error":1965619.0399258325}}