{"mean":{"confidence_interval":{"confidence_level":0.95,"lower_bound":3112100186.6525,"upper_bound":3292918015.3925},"point_estimate":3208275737.3,"standard_error":46947970.17253891},"median":{"confidence_interval":{"confidence_level":0.95,"lower_bound":3026062029.0,"upper_bound":3325392098.0},"point_estimate":3305607785.5,"standard_error":84367127.38255168},"median_abs_dev":{"confidence_interval":{"confidence_level":0.95,"lower_bound":7175073.707216978,"upper_bound":240339073.3593285},"point_estimate":44169236.6463393,"standard_error":72172780.85992374},"slope":null,"std_dev":{"confidence_interval":{"confidence_level":0.95,"lower_bound":70630637.92321569,"upper_bound":178023929.0761083},"point_estimate":156108378.9912547,"standard_error":26095711.03467366}}