{"mean":{"confidence_interval":{"confidence_level":0.95,"lower_bound":142650914.97138888,"upper_bound":170253709.06914583},"point_estimate":155682507.47638893,"standard_error":6940716.731160833},"median":{"confidence_interval":{"confidence_level":0.95,"lower_bound":139807132.4,"upper_bound":178360468.875},"point_estimate":142666476.46666667,"standard_error":9594081.38139092},"median_abs_dev":{"confidence_interval":{"confidence_level":0.95,"lower_bound":239632.43606568562,"upper_bound":32927243.929428734},"point_estimate":4462712.356351013,"standard_error":9452563.41609511},"slope":{"confidence_interval":{"confidence_level":0.95,"lower_bound":140573908.62988505,"upper_bound":161974940.39759037},"point_estimate":147791140.8935065,"standard_error":6006333.755325437},"std_dev":{"confidence_interval":{"confidence_level":0.95,"lower_bound":3049342.3831647024,"upper_bound":29178689.54722356},"point_estimate":23178150.105215702,"standard_error":5435729.646877015}}