{"mean":{"confidence_interval":{"confidence_level":0.95,"lower_bound":436615172.61375004,"upper_bound":486298007.04125},"point_estimate":458754489.8,"standard_error":12758617.038629627},"median":{"confidence_interval":{"confidence_level":0.95,"lower_bound":430570949.75,"upper_bound":490580269.5},"point_estimate":448020430.25,"standard_error":12389683.976217886},"median_abs_dev":{"confidence_interval":{"confidence_level":0.95,"lower_bound":3030942.8779900074,"upper_bound":59540649.33104217},"point_estimate":22831182.28121549,"standard_error":12609302.08981202},"slope":null,"std_dev":{"confidence_interval":{"confidence_level":0.95,"lower_bound":11089262.095174167,"upper_bound":53656434.56596474},"point_estimate":42422985.08482663,"standard_error":11312436.528680135}}