{"mean":{"confidence_interval":{"confidence_level":0.95,"lower_bound":0.0014751418973935361,"upper_bound":0.09555314097557155},"point_estimate":0.04615625238519239,"standard_error":0.024072836537164327},"median":{"confidence_interval":{"confidence_level":0.95,"lower_bound":-0.026219017535562994,"upper_bound":0.11367774097034644},"point_estimate":0.019364469070817902,"standard_error":0.036118819278053875}}