{"mean":{"confidence_interval":{"confidence_level":0.95,"lower_bound":1164071760.0,"upper_bound":1168773810.0},"point_estimate":1166467450.0,"standard_error":1194106.6842972424},"median":{"confidence_interval":{"confidence_level":0.95,"lower_bound":1162765000.0,"upper_bound":1170003650.0},"point_estimate":1166488700.0,"standard_error":1622224.3047352636},"median_abs_dev":{"confidence_interval":{"confidence_level":0.95,"lower_bound":666502.8181672096,"upper_bound":6785785.949528217},"point_estimate":4680197.466909885,"standard_error":1583995.8080455626},"slope":null,"std_dev":{"confidence_interval":{"confidence_level":0.95,"lower_bound":2279175.8602582044,"upper_bound":4934287.206656883},"point_estimate":3969466.7985763527,"standard_error":684331.8750336987}}