{"mean":{"confidence_interval":{"confidence_level":0.95,"lower_bound":0.01833050238853645,"upper_bound":0.16139967425368018},"point_estimate":0.08073509590921235,"standard_error":0.0369876357205575},"median":{"confidence_interval":{"confidence_level":0.95,"lower_bound":0.0016857105916454618,"upper_bound":0.1652563621494969},"point_estimate":0.044529637237453734,"standard_error":0.04499551249765152}}