{"mean":{"confidence_interval":{"confidence_level":0.95,"lower_bound":3117513204.6725,"upper_bound":3263303495.705},"point_estimate":3194737774.0,"standard_error":37372048.923658036},"median":{"confidence_interval":{"confidence_level":0.95,"lower_bound":3077103146.0,"upper_bound":3288416639.5},"point_estimate":3255178277.0,"standard_error":60452499.16702151},"median_abs_dev":{"confidence_interval":{"confidence_level":0.95,"lower_bound":2623727.521419525,"upper_bound":200510595.88112533},"point_estimate":72879689.50892687,"standard_error":55903047.21346438},"slope":null,"std_dev":{"confidence_interval":{"confidence_level":0.95,"lower_bound":51467149.99923521,"upper_bound":147536030.84248394},"point_estimate":124309962.71307527,"standard_error":22365137.714151796}}