{"mean":{"confidence_interval":{"confidence_level":0.95,"lower_bound":3128417461.3,"upper_bound":3256124029.5},"point_estimate":3192847445.3,"standard_error":32721136.24386603},"median":{"confidence_interval":{"confidence_level":0.95,"lower_bound":3118919532.5,"upper_bound":3293631258.0},"point_estimate":3179666749.0,"standard_error":54100798.96379456},"median_abs_dev":{"confidence_interval":{"confidence_level":0.95,"lower_bound":21477814.98749256,"upper_bound":200930312.52067387},"point_estimate":129320162.24970818,"standard_error":44187876.82298286},"slope":null,"std_dev":{"confidence_interval":{"confidence_level":0.95,"lower_bound":67192279.40053172,"upper_bound":136774498.13557246},"point_estimate":109421021.41225411,"standard_error":18374050.65215757}}