{"mean":{"confidence_interval":{"confidence_level":0.95,"lower_bound":0.007822184583964577,"upper_bound":0.041533333963546554},"point_estimate":0.026276325992390603,"standard_error":0.0086543232831243},"median":{"confidence_interval":{"confidence_level":0.95,"lower_bound":0.01521816863590808,"upper_bound":0.040776357331675284},"point_estimate":0.02665657322111481,"standard_error":0.0062294599365149686}}