{"mean":{"confidence_interval":{"confidence_level":0.95,"lower_bound":6243736462.0975,"upper_bound":6364293956.1},"point_estimate":6301600720.2,"standard_error":30940155.116168007},"median":{"confidence_interval":{"confidence_level":0.95,"lower_bound":6212811437.5,"upper_bound":6381695369.0},"point_estimate":6292254475.0,"standard_error":53066185.22911486},"median_abs_dev":{"confidence_interval":{"confidence_level":0.95,"lower_bound":15928494.435712695,"upper_bound":187544345.8297223},"point_estimate":125091973.93237352,"standard_error":43157776.472341605},"slope":null,"std_dev":{"confidence_interval":{"confidence_level":0.95,"lower_bound":62317496.919188894,"upper_bound":128526487.73383579},"point_estimate":102917999.63498741,"standard_error":17632224.991420474}}