{"mean":{"confidence_interval":{"confidence_level":0.95,"lower_bound":525837879.4,"upper_bound":597982156.1725},"point_estimate":555947319.3,"standard_error":19351683.677756935},"median":{"confidence_interval":{"confidence_level":0.95,"lower_bound":524710329.0,"upper_bound":585668331.0},"point_estimate":526880375.0,"standard_error":13678762.95619406},"median_abs_dev":{"confidence_interval":{"confidence_level":0.95,"lower_bound":91562.40917444229,"upper_bound":86987145.68586946},"point_estimate":1990050.2079695463,"standard_error":15561762.2614943},"slope":null,"std_dev":{"confidence_interval":{"confidence_level":0.95,"lower_bound":1107062.4539636667,"upper_bound":87111587.69310977},"point_estimate":64572896.50265104,"standard_error":23628283.135335796}}