{"mean":{"confidence_interval":{"confidence_level":0.95,"lower_bound":19335817321.5,"upper_bound":19363320500.0},"point_estimate":19349154790.0,"standard_error":7057417.02861014},"median":{"confidence_interval":{"confidence_level":0.95,"lower_bound":19328577550.0,"upper_bound":19371816800.0},"point_estimate":19345299850.0,"standard_error":9844117.753193483},"median_abs_dev":{"confidence_interval":{"confidence_level":0.95,"lower_bound":3532739.2172813416,"upper_bound":42909186.04820967},"point_estimate":23038639.90098238,"standard_error":9516543.478811948},"slope":null,"std_dev":{"confidence_interval":{"confidence_level":0.95,"lower_bound":13013594.764444955,"upper_bound":29088633.81537347},"point_estimate":23552533.703307685,"standard_error":4020708.6603827868}}