{"mean":{"confidence_interval":{"confidence_level":0.95,"lower_bound":1317453209.75,"upper_bound":1319421707.75},"point_estimate":1318392960.0,"standard_error":506453.8669123238},"median":{"confidence_interval":{"confidence_level":0.95,"lower_bound":1316833900.0,"upper_bound":1319683750.0},"point_estimate":1318172500.0,"standard_error":766860.5582366599},"median_abs_dev":{"confidence_interval":{"confidence_level":0.95,"lower_bound":123500.57780742645,"upper_bound":2838511.7796063423},"point_estimate":1981939.6448135376,"standard_error":765481.6995973358},"slope":null,"std_dev":{"confidence_interval":{"confidence_level":0.95,"lower_bound":856694.8765408971,"upper_bound":2090521.1029783539},"point_estimate":1690549.9165787576,"standard_error":309844.400959336}}