{"mean":{"confidence_interval":{"confidence_level":0.95,"lower_bound":24493837.083055556,"upper_bound":28579231.91388889},"point_estimate":26652769.031021826,"standard_error":1046729.7213383517},"median":{"confidence_interval":{"confidence_level":0.95,"lower_bound":24754221.416666668,"upper_bound":29518436.2625},"point_estimate":27046950.375,"standard_error":1496383.1661853206},"median_abs_dev":{"confidence_interval":{"confidence_level":0.95,"lower_bound":368901.6466669388,"upper_bound":6152595.484844595},"point_estimate":3200830.294752027,"standard_error":1354005.636583176},"slope":{"confidence_interval":{"confidence_level":0.95,"lower_bound":26005428.167508826,"upper_bound":29823488.41007143},"point_estimate":28493462.68896104,"standard_error":977143.9636979405},"std_dev":{"confidence_interval":{"confidence_level":0.95,"lower_bound":1800200.040803916,"upper_bound":4687761.810033206},"point_estimate":3496950.023393315,"standard_error":819976.2920718106}}