{"mean":{"confidence_interval":{"confidence_level":0.95,"lower_bound":81340136.08730158,"upper_bound":81710157.86111112},"point_estimate":81485796.265873,"standard_error":100926.31308063131},"median":{"confidence_interval":{"confidence_level":0.95,"lower_bound":81327525.0,"upper_bound":81479254.16666666},"point_estimate":81409774.10714287,"standard_error":46388.57630823083},"median_abs_dev":{"confidence_interval":{"confidence_level":0.95,"lower_bound":23936.04707504864,"upper_bound":224953.6585062595},"point_estimate":104004.38815355301,"standard_error":52115.19472324291},"slope":{"confidence_interval":{"confidence_level":0.95,"lower_bound":81324340.40161075,"upper_bound":81426104.10521756},"point_estimate":81371569.0909091,"standard_error":25633.11746650657},"std_dev":{"confidence_interval":{"confidence_level":0.95,"lower_bound":59715.57891348741,"upper_bound":513748.5408004431},"point_estimate":336952.7234675431,"standard_error":151345.35031453738}}