{"mean":{"confidence_interval":{"confidence_level":0.95,"lower_bound":-0.10359978481740773,"upper_bound":-0.04617474075782305},"point_estimate":-0.0750420352737825,"standard_error":0.014655701553259676},"median":{"confidence_interval":{"confidence_level":0.95,"lower_bound":-0.12313467031739767,"upper_bound":-0.038343318437319196},"point_estimate":-0.045800490444777076,"standard_error":0.027096713003222316}}