{"mean":{"confidence_interval":{"confidence_level":0.95,"lower_bound":529668232.5,"upper_bound":596484860.2975},"point_estimate":557501359.1,"standard_error":17345819.1346014},"median":{"confidence_interval":{"confidence_level":0.95,"lower_bound":526389273.5,"upper_bound":570312496.0},"point_estimate":530092968.0,"standard_error":12738495.30460994},"median_abs_dev":{"confidence_interval":{"confidence_level":0.95,"lower_bound":570576.3759702444,"upper_bound":58646538.50621581},"point_estimate":6474030.0161629915,"standard_error":16306465.897643847},"slope":null,"std_dev":{"confidence_interval":{"confidence_level":0.95,"lower_bound":3659001.1331155654,"upper_bound":84087466.12124714},"point_estimate":58021683.01201076,"standard_error":21736704.72478551}}