{"mean":{"confidence_interval":{"confidence_level":0.95,"lower_bound":445790471.75,"upper_bound":492830758.3775},"point_estimate":467561701.8,"standard_error":12099579.579224471},"median":{"confidence_interval":{"confidence_level":0.95,"lower_bound":440041589.0,"upper_bound":500757544.5},"point_estimate":451045035.75,"standard_error":14624314.060430277},"median_abs_dev":{"confidence_interval":{"confidence_level":0.95,"lower_bound":3863758.9427545667,"upper_bound":63942337.427696586},"point_estimate":23800805.25855124,"standard_error":15037130.61191346},"slope":null,"std_dev":{"confidence_interval":{"confidence_level":0.95,"lower_bound":14228543.9750288,"upper_bound":50646214.50045867},"point_estimate":40322204.8667382,"standard_error":9404687.691019198}}