{"mean":{"confidence_interval":{"confidence_level":0.95,"lower_bound":-0.0328398230281841,"upper_bound":0.01910862956849782},"point_estimate":-0.004223324342062185,"standard_error":0.01357931744259903},"median":{"confidence_interval":{"confidence_level":0.95,"lower_bound":-0.007134780822373177,"upper_bound":0.024478243335599004},"point_estimate":0.016702401736800487,"standard_error":0.008950891049504483}}