{"mean":{"confidence_interval":{"confidence_level":0.95,"lower_bound":253494580.49375,"upper_bound":262346773.26625},"point_estimate":257782206.7,"standard_error":2253978.4023698163},"median":{"confidence_interval":{"confidence_level":0.95,"lower_bound":251884868.75,"upper_bound":262745933.5},"point_estimate":257223510.25,"standard_error":2683297.215185353},"median_abs_dev":{"confidence_interval":{"confidence_level":0.95,"lower_bound":1715936.746636033,"upper_bound":12653718.347601593},"point_estimate":6989264.270965755,"standard_error":2746369.710971722},"slope":null,"std_dev":{"confidence_interval":{"confidence_level":0.95,"lower_bound":3940248.7449106337,"upper_bound":9671300.140539175},"point_estimate":7480345.46146998,"standard_error":1485490.4607600428}}