{"mean":{"confidence_interval":{"confidence_level":0.95,"lower_bound":539799759.5,"upper_bound":541092054.25},"point_estimate":540420700.0,"standard_error":330908.66256619804},"median":{"confidence_interval":{"confidence_level":0.95,"lower_bound":539523550.0,"upper_bound":541308600.0},"point_estimate":540239800.0,"standard_error":459191.0449604052},"median_abs_dev":{"confidence_interval":{"confidence_level":0.95,"lower_bound":260270.42537927628,"upper_bound":1852656.9271087646},"point_estimate":1042193.651497364,"standard_error":405376.015862942},"slope":null,"std_dev":{"confidence_interval":{"confidence_level":0.95,"lower_bound":583050.5715630506,"upper_bound":1404804.0181373986},"point_estimate":1101791.7427737622,"standard_error":213519.0954177921}}