{"mean":{"confidence_interval":{"confidence_level":0.95,"lower_bound":532558452.8,"upper_bound":616245575.2724999},"point_estimate":571552618.8,"standard_error":21002577.28113601},"median":{"confidence_interval":{"confidence_level":0.95,"lower_bound":525368360.0,"upper_bound":642990933.0},"point_estimate":529126097.0,"standard_error":30681251.88672426},"median_abs_dev":{"confidence_interval":{"confidence_level":0.95,"lower_bound":1472092.7876651287,"upper_bound":99825561.51974201},"point_estimate":7297682.501140237,"standard_error":29611380.25521961},"slope":null,"std_dev":{"confidence_interval":{"confidence_level":0.95,"lower_bound":10023200.192464117,"upper_bound":86058681.3169212},"point_estimate":69881126.00025491,"standard_error":15656323.630712025}}