{"mean":{"confidence_interval":{"confidence_level":0.95,"lower_bound":1606189654.5,"upper_bound":1766049010.6},"point_estimate":1682290125.2,"standard_error":41221780.900966346},"median":{"confidence_interval":{"confidence_level":0.95,"lower_bound":1570845952.0,"upper_bound":1800627328.5},"point_estimate":1648693057.5,"standard_error":68632689.9424563},"median_abs_dev":{"confidence_interval":{"confidence_level":0.95,"lower_bound":9099582.618150115,"upper_bound":241379667.28545427},"point_estimate":132191178.55113745,"standard_error":63549022.609426595},"slope":null,"std_dev":{"confidence_interval":{"confidence_level":0.95,"lower_bound":75471978.43420099,"upper_bound":168411080.347195},"point_estimate":136605500.43618217,"standard_error":23992346.17928472}}