{"mean":{"confidence_interval":{"confidence_level":0.95,"lower_bound":4314792.181444678,"upper_bound":6482265.053242647},"point_estimate":5468836.182983192,"standard_error":557888.2685936559},"median":{"confidence_interval":{"confidence_level":0.95,"lower_bound":3197231.932773109,"upper_bound":6784439.955882354},"point_estimate":6478277.425490196,"standard_error":925526.6972142418},"median_abs_dev":{"confidence_interval":{"confidence_level":0.95,"lower_bound":10273.70268113455,"upper_bound":3010126.2619584003},"point_estimate":724672.8149130158,"standard_error":774599.748634044},"slope":{"confidence_interval":{"confidence_level":0.95,"lower_bound":4999638.045508943,"upper_bound":6741799.681701252},"point_estimate":6170027.316119175,"standard_error":474434.6950738728},"std_dev":{"confidence_interval":{"confidence_level":0.95,"lower_bound":488289.49863998406,"upper_bound":2131983.100820778},"point_estimate":1862099.588361416,"standard_error":343440.6200050509}}