{"mean":{"confidence_interval":{"confidence_level":0.95,"lower_bound":528421342.98249996,"upper_bound":591516675.3},"point_estimate":553299888.8,"standard_error":17065828.03303692},"median":{"confidence_interval":{"confidence_level":0.95,"lower_bound":526083227.0,"upper_bound":558473070.0},"point_estimate":529261675.5,"standard_error":8833468.421845706},"median_abs_dev":{"confidence_interval":{"confidence_level":0.95,"lower_bound":363565.3894454241,"upper_bound":44025874.417984486},"point_estimate":4751807.786938548,"standard_error":11207900.54761544},"slope":null,"std_dev":{"confidence_interval":{"confidence_level":0.95,"lower_bound":2815044.4082371914,"upper_bound":85408899.27212937},"point_estimate":56982223.219049245,"standard_error":24660861.35743354}}