{"mean":{"confidence_interval":{"confidence_level":0.95,"lower_bound":1585198576.73,"upper_bound":1740969951.78},"point_estimate":1657625500.1,"standard_error":40195752.47482885},"median":{"confidence_interval":{"confidence_level":0.95,"lower_bound":1548581990.0,"upper_bound":1827769186.0},"point_estimate":1603112162.0,"standard_error":65337298.78401003},"median_abs_dev":{"confidence_interval":{"confidence_level":0.95,"lower_bound":12515031.127613783,"upper_bound":202912261.06108725},"point_estimate":84610416.35486484,"standard_error":49194813.83720999},"slope":null,"std_dev":{"confidence_interval":{"confidence_level":0.95,"lower_bound":38431892.47968864,"upper_bound":153794824.30424508},"point_estimate":133919076.13316424,"standard_error":23684686.787599403}}