{"mean":{"confidence_interval":{"confidence_level":0.95,"lower_bound":1068356255.025,"upper_bound":1194888188.6},"point_estimate":1127712634.3,"standard_error":32566630.449986458},"median":{"confidence_interval":{"confidence_level":0.95,"lower_bound":1048646879.0,"upper_bound":1265100272.0},"point_estimate":1071654536.5,"standard_error":53997372.36497513},"median_abs_dev":{"confidence_interval":{"confidence_level":0.95,"lower_bound":3044180.2718549967,"upper_bound":174006729.917863},"point_estimate":37346809.72106159,"standard_error":45468512.15296495},"slope":null,"std_dev":{"confidence_interval":{"confidence_level":0.95,"lower_bound":23436495.56926462,"upper_bound":124479922.56421289},"point_estimate":108420902.03807552,"standard_error":20561724.414448276}}