{"mean":{"confidence_interval":{"confidence_level":0.95,"lower_bound":39073012.27910052,"upper_bound":39760111.455026455},"point_estimate":39340756.98280424,"standard_error":189160.1868247612},"median":{"confidence_interval":{"confidence_level":0.95,"lower_bound":38988344.44444445,"upper_bound":39369190.47619048},"point_estimate":39115431.25,"standard_error":104872.23894899414},"median_abs_dev":{"confidence_interval":{"confidence_level":0.95,"lower_bound":15242.980979382992,"upper_bound":420272.82045533136},"point_estimate":196740.6733127106,"standard_error":109849.86519524724},"slope":{"confidence_interval":{"confidence_level":0.95,"lower_bound":39030365.6504065,"upper_bound":39232170.086217545},"point_estimate":39110621.64502165,"standard_error":51334.54804368419},"std_dev":{"confidence_interval":{"confidence_level":0.95,"lower_bound":107290.80496731095,"upper_bound":959132.5068880966},"point_estimate":629685.4938049099,"standard_error":283185.5961539551}}