{"mean":{"confidence_interval":{"confidence_level":0.95,"lower_bound":0.08685629848116509,"upper_bound":0.10419886893193021},"point_estimate":0.09551594498684746,"standard_error":0.004413064040315077},"median":{"confidence_interval":{"confidence_level":0.95,"lower_bound":0.08493961347672552,"upper_bound":0.10796236532735559},"point_estimate":0.09206435624556408,"standard_error":0.005736840706803378}}