{"mean":{"confidence_interval":{"confidence_level":0.95,"lower_bound":2138773630.1,"upper_bound":2285351573.8125},"point_estimate":2211497437.2,"standard_error":37371066.29958661},"median":{"confidence_interval":{"confidence_level":0.95,"lower_bound":2083816743.5,"upper_bound":2357842450.0},"point_estimate":2217000107.5,"standard_error":75825941.51984183},"median_abs_dev":{"confidence_interval":{"confidence_level":0.95,"lower_bound":497090.5669748783,"upper_bound":204691348.41230214},"point_estimate":197494166.17427766,"standard_error":66387186.51022736},"slope":null,"std_dev":{"confidence_interval":{"confidence_level":0.95,"lower_bound":80490875.66058514,"upper_bound":140969792.20342207},"point_estimate":124436202.53810987,"standard_error":15523388.018180503}}