{"mean":{"confidence_interval":{"confidence_level":0.95,"lower_bound":19636151650.0,"upper_bound":19674381760.0},"point_estimate":19654748830.0,"standard_error":9756064.722493498},"median":{"confidence_interval":{"confidence_level":0.95,"lower_bound":19634533550.0,"upper_bound":19672678450.0},"point_estimate":19651640000.0,"standard_error":11144075.537704848},"median_abs_dev":{"confidence_interval":{"confidence_level":0.95,"lower_bound":5154703.588485718,"upper_bound":54308230.07583618},"point_estimate":28614253.62199545,"standard_error":11974669.698873196},"slope":null,"std_dev":{"confidence_interval":{"confidence_level":0.95,"lower_bound":15111269.511706604,"upper_bound":44176532.220546134},"point_estimate":32494736.112964854,"standard_error":7591158.501120758}}