{"mean":{"confidence_interval":{"confidence_level":0.95,"lower_bound":3136410801.9624996,"upper_bound":3263854867.7475},"point_estimate":3200611956.2,"standard_error":32861974.34635054},"median":{"confidence_interval":{"confidence_level":0.95,"lower_bound":3080413111.0,"upper_bound":3300824398.5},"point_estimate":3198628820.0,"standard_error":53770576.400132835},"median_abs_dev":{"confidence_interval":{"confidence_level":0.95,"lower_bound":25956323.260483146,"upper_bound":187151992.05528796},"point_estimate":159485319.2261696,"standard_error":43248834.93796283},"slope":null,"std_dev":{"confidence_interval":{"confidence_level":0.95,"lower_bound":68231178.35180075,"upper_bound":130451465.09207132},"point_estimate":109556915.34592342,"standard_error":15711796.437663889}}