{"mean":{"confidence_interval":{"confidence_level":0.95,"lower_bound":2155470993.9,"upper_bound":2304380567.3575},"point_estimate":2229659760.9,"standard_error":39479610.574698605},"median":{"confidence_interval":{"confidence_level":0.95,"lower_bound":2093038239.0,"upper_bound":2373983002.0},"point_estimate":2221170980.5,"standard_error":86907479.76430227},"median_abs_dev":{"confidence_interval":{"confidence_level":0.95,"lower_bound":3589398.9991754293,"upper_bound":203676975.00801086},"point_estimate":194281988.7929052,"standard_error":70715463.4644948},"slope":null,"std_dev":{"confidence_interval":{"confidence_level":0.95,"lower_bound":92265326.43986468,"upper_bound":146787165.91170892},"point_estimate":132027209.83836748,"standard_error":14812870.54388636}}