{"mean":{"confidence_interval":{"confidence_level":0.95,"lower_bound":2132496758.09,"upper_bound":2281146742.6475},"point_estimate":2204750418.8,"standard_error":38153202.01475389},"median":{"confidence_interval":{"confidence_level":0.95,"lower_bound":2080767915.0,"upper_bound":2346696335.0},"point_estimate":2140991955.5,"standard_error":80004717.32761396},"median_abs_dev":{"confidence_interval":{"confidence_level":0.95,"lower_bound":1631942.2690272331,"upper_bound":201015802.9416561},"point_estimate":90920103.1291455,"standard_error":54278698.11881747},"slope":null,"std_dev":{"confidence_interval":{"confidence_level":0.95,"lower_bound":81604348.83149865,"upper_bound":140808708.6851156},"point_estimate":127632370.59140709,"standard_error":15482695.194168052}}