{"mean":{"confidence_interval":{"confidence_level":0.95,"lower_bound":542298240.0,"upper_bound":543350170.0},"point_estimate":542811730.0,"standard_error":270384.07098649815},"median":{"confidence_interval":{"confidence_level":0.95,"lower_bound":541981200.0,"upper_bound":543819900.0},"point_estimate":542577200.0,"standard_error":503859.77406601846},"median_abs_dev":{"confidence_interval":{"confidence_level":0.95,"lower_bound":131654.8776626587,"upper_bound":1466217.2439694405},"point_estimate":973326.8827199936,"standard_error":366611.1839430811},"slope":null,"std_dev":{"confidence_interval":{"confidence_level":0.95,"lower_bound":569090.4950493863,"upper_bound":1041610.1229613831},"point_estimate":904121.3967776181,"standard_error":121905.88030500592}}