{"mean":{"confidence_interval":{"confidence_level":0.95,"lower_bound":9414085665.75,"upper_bound":9433940456.5},"point_estimate":9423314900.0,"standard_error":5091714.650453274},"median":{"confidence_interval":{"confidence_level":0.95,"lower_bound":9410081900.0,"upper_bound":9439088900.0},"point_estimate":9415041850.0,"standard_error":7251876.648421813},"median_abs_dev":{"confidence_interval":{"confidence_level":0.95,"lower_bound":978441.8526291847,"upper_bound":26626976.61727667},"point_estimate":7618265.834748745,"standard_error":6546789.145581136},"slope":null,"std_dev":{"confidence_interval":{"confidence_level":0.95,"lower_bound":4282768.474051957,"upper_bound":20229139.13399034},"point_estimate":16975107.35662337,"standard_error":3424900.869177459}}