{"mean":{"confidence_interval":{"confidence_level":0.95,"lower_bound":433100608.90125,"upper_bound":489033035.3},"point_estimate":458619522.95,"standard_error":14383806.34469073},"median":{"confidence_interval":{"confidence_level":0.95,"lower_bound":423632162.0,"upper_bound":500707180.5},"point_estimate":441231924.75,"standard_error":18030530.54272298},"median_abs_dev":{"confidence_interval":{"confidence_level":0.95,"lower_bound":5393015.596304834,"upper_bound":81637366.78194702},"point_estimate":31389783.442769945,"standard_error":17626131.6185041},"slope":null,"std_dev":{"confidence_interval":{"confidence_level":0.95,"lower_bound":13575114.952525323,"upper_bound":62765056.80772972},"point_estimate":48089835.49402561,"standard_error":11527400.064506182}}