{"mean":{"confidence_interval":{"confidence_level":0.95,"lower_bound":205527731.41166666,"upper_bound":233956240.83333334},"point_estimate":218457821.8,"standard_error":7324631.593774782},"median":{"confidence_interval":{"confidence_level":0.95,"lower_bound":203440644.66666666,"upper_bound":233811118.0},"point_estimate":207671942.5,"standard_error":8189570.020954927},"median_abs_dev":{"confidence_interval":{"confidence_level":0.95,"lower_bound":1746851.921287179,"upper_bound":38753940.908280015},"point_estimate":7464272.376182668,"standard_error":9823396.565782376},"slope":null,"std_dev":{"confidence_interval":{"confidence_level":0.95,"lower_bound":7660531.162644001,"upper_bound":31792472.113586772},"point_estimate":24305537.151367866,"standard_error":6041430.788813749}}