{"mean":{"confidence_interval":{"confidence_level":0.95,"lower_bound":542459529.5,"upper_bound":543760781.75},"point_estimate":543109020.0,"standard_error":333971.2290914933},"median":{"confidence_interval":{"confidence_level":0.95,"lower_bound":542152850.0,"upper_bound":544207400.0},"point_estimate":543066250.0,"standard_error":476424.5479684106},"median_abs_dev":{"confidence_interval":{"confidence_level":0.95,"lower_bound":335883.0240368843,"upper_bound":1978752.0548701286},"point_estimate":1302167.5568819046,"standard_error":442595.9845749527},"slope":null,"std_dev":{"confidence_interval":{"confidence_level":0.95,"lower_bound":662705.4465072658,"upper_bound":1367286.124652286},"point_estimate":1113789.4832008826,"standard_error":180235.21928895326}}