{"mean":{"confidence_interval":{"confidence_level":0.95,"lower_bound":207919169.0975,"upper_bound":234588800.4333333},"point_estimate":220404966.5666667,"standard_error":6825321.17970053},"median":{"confidence_interval":{"confidence_level":0.95,"lower_bound":203298363.33333334,"upper_bound":235555706.5},"point_estimate":217306318.66666666,"standard_error":9034424.9859708},"median_abs_dev":{"confidence_interval":{"confidence_level":0.95,"lower_bound":2842368.516337842,"upper_bound":38141236.20695767},"point_estimate":21170555.5327475,"standard_error":8610459.454288933},"slope":null,"std_dev":{"confidence_interval":{"confidence_level":0.95,"lower_bound":11149668.771816237,"upper_bound":29359503.428068645},"point_estimate":22674298.624202453,"standard_error":4744468.800343729}}