{"mean":{"confidence_interval":{"confidence_level":0.95,"lower_bound":210413996.29666665,"upper_bound":242394240.1666667},"point_estimate":225248171.0,"standard_error":8203347.805198794},"median":{"confidence_interval":{"confidence_level":0.95,"lower_bound":205386119.0,"upper_bound":249293942.5},"point_estimate":214014491.0,"standard_error":11261616.732770737},"median_abs_dev":{"confidence_interval":{"confidence_level":0.95,"lower_bound":4369098.57243298,"upper_bound":44038705.57945669},"point_estimate":22542610.13428867,"standard_error":11224899.816598395},"slope":null,"std_dev":{"confidence_interval":{"confidence_level":0.95,"lower_bound":12183713.92508599,"upper_bound":34182431.86776981},"point_estimate":27382440.277230103,"standard_error":5621977.95336355}}