{"mean":{"confidence_interval":{"confidence_level":0.95,"lower_bound":9659521810.0,"upper_bound":9662105320.5},"point_estimate":9660753460.0,"standard_error":664503.4511472483},"median":{"confidence_interval":{"confidence_level":0.95,"lower_bound":9659076650.0,"upper_bound":9663407300.0},"point_estimate":9659914750.0,"standard_error":1022138.367689666},"median_abs_dev":{"confidence_interval":{"confidence_level":0.95,"lower_bound":332843.6940908432,"upper_bound":3332291.7008399963},"point_estimate":1490383.6235404015,"standard_error":881152.6281393201},"slope":null,"std_dev":{"confidence_interval":{"confidence_level":0.95,"lower_bound":956388.668965765,"upper_bound":2610949.1867959294},"point_estimate":2211788.9834048618,"standard_error":372322.07489349815}}