{"mean":{"confidence_interval":{"confidence_level":0.95,"lower_bound":4670698630.0,"upper_bound":4687534730.0},"point_estimate":4678169460.0,"standard_error":4325267.224849065},"median":{"confidence_interval":{"confidence_level":0.95,"lower_bound":4667717700.0,"upper_bound":4684045250.0},"point_estimate":4676223150.0,"standard_error":4448114.485352652},"median_abs_dev":{"confidence_interval":{"confidence_level":0.95,"lower_bound":1748504.2789578438,"upper_bound":19713612.94001341},"point_estimate":11465909.286439419,"standard_error":4310924.339430356},"slope":null,"std_dev":{"confidence_interval":{"confidence_level":0.95,"lower_bound":5759255.111913123,"upper_bound":20440082.22645996},"point_estimate":14458846.7558562,"standard_error":4361507.159201956}}