{"mean":{"confidence_interval":{"confidence_level":0.95,"lower_bound":3514509417.5,"upper_bound":3583696267.9},"point_estimate":3543852123.1,"standard_error":18221559.01249757},"median":{"confidence_interval":{"confidence_level":0.95,"lower_bound":3511069997.0,"upper_bound":3561708803.5},"point_estimate":3523815491.0,"standard_error":13065059.861850094},"median_abs_dev":{"confidence_interval":{"confidence_level":0.95,"lower_bound":1351498.1058061123,"upper_bound":66468320.839351416},"point_estimate":19025255.115634203,"standard_error":16602673.402177295},"slope":null,"std_dev":{"confidence_interval":{"confidence_level":0.95,"lower_bound":14220846.896275673,"upper_bound":88179623.07126045},"point_estimate":60522531.674723305,"standard_error":21905740.53371914}}