{"mean":{"confidence_interval":{"confidence_level":0.95,"lower_bound":2982002351.8,"upper_bound":3048657954.0575},"point_estimate":3011838984.9,"standard_error":17018447.244656984},"median":{"confidence_interval":{"confidence_level":0.95,"lower_bound":2967025012.0,"upper_bound":3055266667.0},"point_estimate":2994831989.0,"standard_error":16458398.630618019},"median_abs_dev":{"confidence_interval":{"confidence_level":0.95,"lower_bound":1676220.858541131,"upper_bound":79182772.04162478},"point_estimate":32804420.663005114,"standard_error":17975048.763288446},"slope":null,"std_dev":{"confidence_interval":{"confidence_level":0.95,"lower_bound":14424531.804024242,"upper_bound":71363758.07332979},"point_estimate":56870549.68712643,"standard_error":15217403.375218939}}