{"mean":{"confidence_interval":{"confidence_level":0.95,"lower_bound":579775913.25,"upper_bound":593143314.25},"point_estimate":585067420.0,"standard_error":3620946.4871216253},"median":{"confidence_interval":{"confidence_level":0.95,"lower_bound":578595400.0,"upper_bound":585337300.0},"point_estimate":582077950.0,"standard_error":2119183.6801689956},"median_abs_dev":{"confidence_interval":{"confidence_level":0.95,"lower_bound":430769.422352314,"upper_bound":9474481.001794338},"point_estimate":4997770.381271839,"standard_error":2171720.99382857},"slope":null,"std_dev":{"confidence_interval":{"confidence_level":0.95,"lower_bound":2601658.9018889037,"upper_bound":18400818.380223535},"point_estimate":12107519.306227295,"standard_error":5304063.449202912}}