{"mean":{"confidence_interval":{"confidence_level":0.95,"lower_bound":3797828.142071759,"upper_bound":3890533.6117724865},"point_estimate":3846679.474371693,"standard_error":23747.912019671032},"median":{"confidence_interval":{"confidence_level":0.95,"lower_bound":3810405.208333333,"upper_bound":3896335.0},"point_estimate":3851437.471064815,"standard_error":24706.61659384569},"median_abs_dev":{"confidence_interval":{"confidence_level":0.95,"lower_bound":18730.17966747307,"upper_bound":125902.28680645453},"point_estimate":59415.708736827015,"standard_error":26686.367099796396},"slope":{"confidence_interval":{"confidence_level":0.95,"lower_bound":3842268.632075472,"upper_bound":3909774.8352848664},"point_estimate":3873731.645021645,"standard_error":17021.02131991467},"std_dev":{"confidence_interval":{"confidence_level":0.95,"lower_bound":33601.89035429223,"upper_bound":109408.04921616391},"point_estimate":78996.49454895235,"standard_error":20145.125201969866}}