{"mean":{"confidence_interval":{"confidence_level":0.95,"lower_bound":1578542453.8,"upper_bound":1735335924.8975},"point_estimate":1651831048.7,"standard_error":40269000.992459066},"median":{"confidence_interval":{"confidence_level":0.95,"lower_bound":1547520869.5,"upper_bound":1828319532.0},"point_estimate":1595309462.5,"standard_error":65690485.42985548},"median_abs_dev":{"confidence_interval":{"confidence_level":0.95,"lower_bound":16515833.828285336,"upper_bound":200013607.61354864},"point_estimate":73378978.03036273,"standard_error":47893843.782205656},"slope":null,"std_dev":{"confidence_interval":{"confidence_level":0.95,"lower_bound":42942541.15698779,"upper_bound":154603352.98991838},"point_estimate":134006316.85960136,"standard_error":23344016.81313651}}