{"mean":{"confidence_interval":{"confidence_level":0.95,"lower_bound":1579608928.5,"upper_bound":1754895530.6775},"point_estimate":1665112459.0,"standard_error":44552854.251873925},"median":{"confidence_interval":{"confidence_level":0.95,"lower_bound":1544842910.0,"upper_bound":1828087939.0},"point_estimate":1570270157.5,"standard_error":95027249.1216761},"median_abs_dev":{"confidence_interval":{"confidence_level":0.95,"lower_bound":7041545.5644875765,"upper_bound":221082046.35500908},"point_estimate":60112629.72918749,"standard_error":68354330.63685964},"slope":null,"std_dev":{"confidence_interval":{"confidence_level":0.95,"lower_bound":89178041.54497014,"upper_bound":165449606.89771682},"point_estimate":148756496.48071432,"standard_error":19375572.260191444}}