{"mean":{"confidence_interval":{"confidence_level":0.95,"lower_bound":2118977670.75,"upper_bound":2126710080.0},"point_estimate":2122349570.0,"standard_error":2008876.7387257859},"median":{"confidence_interval":{"confidence_level":0.95,"lower_bound":2119020800.0,"upper_bound":2124811000.0},"point_estimate":2120787850.0,"standard_error":1320899.4634595348},"median_abs_dev":{"confidence_interval":{"confidence_level":0.95,"lower_bound":382807.31320381165,"upper_bound":8873457.211464586},"point_estimate":2300031.469166279,"standard_error":2084162.1064166243},"slope":null,"std_dev":{"confidence_interval":{"confidence_level":0.95,"lower_bound":1523832.3093846776,"upper_bound":9558753.539692124},"point_estimate":6683060.490698355,"standard_error":2227476.0508867255}}