{"mean":{"confidence_interval":{"confidence_level":0.95,"lower_bound":2142337407.8,"upper_bound":2289150009.9},"point_estimate":2216140170.5,"standard_error":37602976.888773344},"median":{"confidence_interval":{"confidence_level":0.95,"lower_bound":2086257565.0,"upper_bound":2334150633.0},"point_estimate":2228067384.5,"standard_error":87688281.30280891},"median_abs_dev":{"confidence_interval":{"confidence_level":0.95,"lower_bound":9254451.304900646,"upper_bound":190148842.54688323},"point_estimate":185159934.40695405,"standard_error":57224264.5021655},"slope":null,"std_dev":{"confidence_interval":{"confidence_level":0.95,"lower_bound":87688474.01997963,"upper_bound":135965773.54694596},"point_estimate":125345114.3093709,"standard_error":12502455.493099775}}