{"mean":{"confidence_interval":{"confidence_level":0.95,"lower_bound":2611573660.0,"upper_bound":2628750952.75},"point_estimate":2619755800.0,"standard_error":4402054.841983849},"median":{"confidence_interval":{"confidence_level":0.95,"lower_bound":2609451000.0,"upper_bound":2628490700.0},"point_estimate":2618289600.0,"standard_error":5387804.7245823005},"median_abs_dev":{"confidence_interval":{"confidence_level":0.95,"lower_bound":2859045.789241791,"upper_bound":24230946.7998147},"point_estimate":13405743.092000484,"standard_error":5428170.814731431},"slope":null,"std_dev":{"confidence_interval":{"confidence_level":0.95,"lower_bound":6868533.491263311,"upper_bound":20078219.510164075},"point_estimate":14748489.32309114,"standard_error":3516521.1469988236}}