{"mean":{"confidence_interval":{"confidence_level":0.95,"lower_bound":587417250.0,"upper_bound":593770040.5},"point_estimate":590723910.0,"standard_error":1619689.3460816848},"median":{"confidence_interval":{"confidence_level":0.95,"lower_bound":587488550.0,"upper_bound":594291700.0},"point_estimate":591935450.0,"standard_error":1864083.5369260076},"median_abs_dev":{"confidence_interval":{"confidence_level":0.95,"lower_bound":550785.8902215958,"upper_bound":9025475.599765778},"point_estimate":5933587.484657764,"standard_error":2167515.5726789553},"slope":null,"std_dev":{"confidence_interval":{"confidence_level":0.95,"lower_bound":2580877.070281494,"upper_bound":7245129.706721766},"point_estimate":5397707.271600498,"standard_error":1224261.7962574116}}