{"mean":{"confidence_interval":{"confidence_level":0.95,"lower_bound":2122036560.0,"upper_bound":2132050673.5},"point_estimate":2126492200.0,"standard_error":2592990.227715353},"median":{"confidence_interval":{"confidence_level":0.95,"lower_bound":2120988650.0,"upper_bound":2131808550.0},"point_estimate":2124104000.0,"standard_error":2072373.0225583275},"median_abs_dev":{"confidence_interval":{"confidence_level":0.95,"lower_bound":550341.1102294922,"upper_bound":11108973.342776299},"point_estimate":2503147.6655602455,"standard_error":2756927.6596071627},"slope":null,"std_dev":{"confidence_interval":{"confidence_level":0.95,"lower_bound":2256676.5422090245,"upper_bound":11556329.20216336},"point_estimate":8652497.759992005,"standard_error":2491696.4305710425}}