{"mean":{"confidence_interval":{"confidence_level":0.95,"lower_bound":6230130275.0,"upper_bound":6375234408.155},"point_estimate":6297719934.1,"standard_error":36808877.907852165},"median":{"confidence_interval":{"confidence_level":0.95,"lower_bound":6229372149.5,"upper_bound":6392593532.0},"point_estimate":6247632571.0,"standard_error":42443764.91820646},"median_abs_dev":{"confidence_interval":{"confidence_level":0.95,"lower_bound":1871379.9408763647,"upper_bound":196712423.08405638},"point_estimate":29915433.025994897,"standard_error":58738905.45177535},"slope":null,"std_dev":{"confidence_interval":{"confidence_level":0.95,"lower_bound":46790683.306555055,"upper_bound":154733175.96656233},"point_estimate":122984129.12926777,"standard_error":26109460.181917816}}