{"mean":{"confidence_interval":{"confidence_level":0.95,"lower_bound":3126557990.7,"upper_bound":3301658150.9},"point_estimate":3218156105.8,"standard_error":45225922.82331435},"median":{"confidence_interval":{"confidence_level":0.95,"lower_bound":3063159567.5,"upper_bound":3334893197.5},"point_estimate":3303948796.5,"standard_error":76343489.43759489},"median_abs_dev":{"confidence_interval":{"confidence_level":0.95,"lower_bound":10501848.653554916,"upper_bound":235558259.24520493},"point_estimate":84262935.69253385,"standard_error":68663476.51654005},"slope":null,"std_dev":{"confidence_interval":{"confidence_level":0.95,"lower_bound":76113622.27289177,"upper_bound":178877502.3919992},"point_estimate":151235522.1079971,"standard_error":25856000.314683937}}