{"mean":{"confidence_interval":{"confidence_level":0.95,"lower_bound":1041325038.0975,"upper_bound":1162659007.0},"point_estimate":1097377477.7,"standard_error":30704904.040699247},"median":{"confidence_interval":{"confidence_level":0.95,"lower_bound":1037934757.0,"upper_bound":1158970124.0},"point_estimate":1042350917.0,"standard_error":33256253.963373926},"median_abs_dev":{"confidence_interval":{"confidence_level":0.95,"lower_bound":1282859.6574246883,"upper_bound":168048509.03464258},"point_estimate":7175135.235115886,"standard_error":41054256.2025601},"slope":null,"std_dev":{"confidence_interval":{"confidence_level":0.95,"lower_bound":5166701.698209285,"upper_bound":139720541.71715918},"point_estimate":102126381.94558665,"standard_error":30818710.496964533}}