{"mean":{"confidence_interval":{"confidence_level":0.95,"lower_bound":19491464000.0,"upper_bound":19529535418.0},"point_estimate":19511937740.0,"standard_error":9736823.684661113},"median":{"confidence_interval":{"confidence_level":0.95,"lower_bound":19499993000.0,"upper_bound":19537361250.0},"point_estimate":19510475950.0,"standard_error":9764479.766758598},"median_abs_dev":{"confidence_interval":{"confidence_level":0.95,"lower_bound":3076839.7253751755,"upper_bound":49942343.80334616},"point_estimate":25374253.769516945,"standard_error":11557482.044165917},"slope":null,"std_dev":{"confidence_interval":{"confidence_level":0.95,"lower_bound":14154428.310226215,"upper_bound":44964159.065048456},"point_estimate":32385593.627763975,"standard_error":8792397.083545564}}