{"mean":{"confidence_interval":{"confidence_level":0.95,"lower_bound":-0.05008254327154643,"upper_bound":0.05761684733363584},"point_estimate":0.00469980979302731,"standard_error":0.02750114025676627},"median":{"confidence_interval":{"confidence_level":0.95,"lower_bound":-0.06565692514465915,"upper_bound":0.07542337888657169},"point_estimate":0.0030277227814126118,"standard_error":0.033043255312156086}}