{"mean":{"confidence_interval":{"confidence_level":0.95,"lower_bound":3111013831.9,"upper_bound":3256824716.8},"point_estimate":3185269417.4,"standard_error":37478726.842910685},"median":{"confidence_interval":{"confidence_level":0.95,"lower_bound":3053072776.5,"upper_bound":3296357948.0},"point_estimate":3235378635.0,"standard_error":78769037.62204412},"median_abs_dev":{"confidence_interval":{"confidence_level":0.95,"lower_bound":11749231.917509437,"upper_bound":186624233.90785754},"point_estimate":108739453.68028879,"standard_error":56637902.616508864},"slope":null,"std_dev":{"confidence_interval":{"confidence_level":0.95,"lower_bound":78549637.1454291,"upper_bound":141465607.47755328},"point_estimate":125706974.31323963,"standard_error":15581653.265626863}}