{"mean":{"confidence_interval":{"confidence_level":0.95,"lower_bound":1042313647.8575,"upper_bound":1165473031.3949997},"point_estimate":1098009514.9,"standard_error":29588376.19211755},"median":{"confidence_interval":{"confidence_level":0.95,"lower_bound":1041128752.5,"upper_bound":1172553711.0},"point_estimate":1042589808.0,"standard_error":34292770.5942662},"median_abs_dev":{"confidence_interval":{"confidence_level":0.95,"lower_bound":711773.2670634985,"upper_bound":191416746.47707343},"point_estimate":2756775.301757455,"standard_error":43458267.53836158},"slope":null,"std_dev":{"confidence_interval":{"confidence_level":0.95,"lower_bound":2118678.667266882,"upper_bound":134722704.624907},"point_estimate":98919759.34321374,"standard_error":29295327.38885866}}