{"mean":{"confidence_interval":{"confidence_level":0.95,"lower_bound":1057624347.8,"upper_bound":1157249873.3},"point_estimate":1103801600.5,"standard_error":25630498.274552174},"median":{"confidence_interval":{"confidence_level":0.95,"lower_bound":1043631856.0,"upper_bound":1170683421.0},"point_estimate":1052064138.0,"standard_error":35235739.731142394},"median_abs_dev":{"confidence_interval":{"confidence_level":0.95,"lower_bound":1912313.0435496569,"upper_bound":133189076.56322122},"point_estimate":14782148.13606441,"standard_error":40205936.010153346},"slope":null,"std_dev":{"confidence_interval":{"confidence_level":0.95,"lower_bound":31207470.288960766,"upper_bound":107280370.8085075},"point_estimate":85589591.14429474,"standard_error":19803606.27409649}}