{"mean":{"confidence_interval":{"confidence_level":0.95,"lower_bound":2149651442.0,"upper_bound":2323993310.4774995},"point_estimate":2235930234.7,"standard_error":44878963.513713494},"median":{"confidence_interval":{"confidence_level":0.95,"lower_bound":2092452611.0,"upper_bound":2401533463.0},"point_estimate":2184759499.5,"standard_error":100286731.60331613},"median_abs_dev":{"confidence_interval":{"confidence_level":0.95,"lower_bound":9263834.680134058,"upper_bound":210895781.70795143},"point_estimate":146118025.1405865,"standard_error":64066508.21208272},"slope":null,"std_dev":{"confidence_interval":{"confidence_level":0.95,"lower_bound":97712922.64389639,"upper_bound":163857555.55024418},"point_estimate":149777409.41569915,"standard_error":17169640.719345704}}