{"mean":{"confidence_interval":{"confidence_level":0.95,"lower_bound":0.005430661948355643,"upper_bound":0.031015757943831015},"point_estimate":0.019227705345534307,"standard_error":0.006562952787824404},"median":{"confidence_interval":{"confidence_level":0.95,"lower_bound":0.011987545190388138,"upper_bound":0.03311709310856292},"point_estimate":0.02289396056629034,"standard_error":0.005185642076014369}}