{"mean":{"confidence_interval":{"confidence_level":0.95,"lower_bound":1579266105.825,"upper_bound":1755313622.8},"point_estimate":1662446770.5,"standard_error":44360908.36718548},"median":{"confidence_interval":{"confidence_level":0.95,"lower_bound":1565444833.0,"upper_bound":1846527427.0},"point_estimate":1578622354.0,"standard_error":69354939.12495586},"median_abs_dev":{"confidence_interval":{"confidence_level":0.95,"lower_bound":4673599.155727029,"upper_bound":221749886.47835255},"point_estimate":31007932.035899162,"standard_error":59305994.00085102},"slope":null,"std_dev":{"confidence_interval":{"confidence_level":0.95,"lower_bound":23764304.85135623,"upper_bound":173515918.6471828},"point_estimate":148671160.3777901,"standard_error":29872405.769224197}}