{"mean":{"confidence_interval":{"confidence_level":0.95,"lower_bound":9841444698.75,"upper_bound":10215846976.25},"point_estimate":9996951460.0,"standard_error":98411932.25634402},"median":{"confidence_interval":{"confidence_level":0.95,"lower_bound":9807765750.0,"upper_bound":10078687400.0},"point_estimate":9839336650.0,"standard_error":82529341.0788624},"median_abs_dev":{"confidence_interval":{"confidence_level":0.95,"lower_bound":8557641.178071499,"upper_bound":369976003.47161293},"point_estimate":57675362.876057625,"standard_error":99074533.26951714},"slope":null,"std_dev":{"confidence_interval":{"confidence_level":0.95,"lower_bound":55161094.181048155,"upper_bound":478329372.99009824},"point_estimate":326921869.7828995,"standard_error":121552091.18699759}}