{"mean":{"confidence_interval":{"confidence_level":0.95,"lower_bound":6257537444.1025,"upper_bound":6400345681.9},"point_estimate":6325274730.9,"standard_error":36631863.04417256},"median":{"confidence_interval":{"confidence_level":0.95,"lower_bound":6225655045.0,"upper_bound":6484439800.0},"point_estimate":6272407251.5,"standard_error":58540410.1163588},"median_abs_dev":{"confidence_interval":{"confidence_level":0.95,"lower_bound":9161584.207749367,"upper_bound":174894015.59371054},"point_estimate":75810546.51049376,"standard_error":44550530.44297674},"slope":null,"std_dev":{"confidence_interval":{"confidence_level":0.95,"lower_bound":34272546.35909897,"upper_bound":139376805.9524013},"point_estimate":121401143.51770413,"standard_error":21688907.448353805}}