{"mean":{"confidence_interval":{"confidence_level":0.95,"lower_bound":3109138652.9,"upper_bound":3269261212.4825},"point_estimate":3193711978.0,"standard_error":41437082.00424099},"median":{"confidence_interval":{"confidence_level":0.95,"lower_bound":3033152683.0,"upper_bound":3297616256.5},"point_estimate":3269817861.5,"standard_error":69430521.36036651},"median_abs_dev":{"confidence_interval":{"confidence_level":0.95,"lower_bound":9644699.78737235,"upper_bound":214014384.05068517},"point_estimate":68679420.03169656,"standard_error":56606006.5815813},"slope":null,"std_dev":{"confidence_interval":{"confidence_level":0.95,"lower_bound":53742831.54581821,"upper_bound":158774082.45732105},"point_estimate":138021036.75155914,"standard_error":23797071.134054195}}