{"mean":{"confidence_interval":{"confidence_level":0.95,"lower_bound":3110435438.2,"upper_bound":3275312672.8025},"point_estimate":3196256345.6,"standard_error":42249126.259568356},"median":{"confidence_interval":{"confidence_level":0.95,"lower_bound":3032701848.0,"upper_bound":3306339191.0},"point_estimate":3264332923.5,"standard_error":81378878.92710264},"median_abs_dev":{"confidence_interval":{"confidence_level":0.95,"lower_bound":1672431.3330084085,"upper_bound":214308743.89725924},"point_estimate":97288048.66939187,"standard_error":63910364.70130443},"slope":null,"std_dev":{"confidence_interval":{"confidence_level":0.95,"lower_bound":84289757.85067365,"upper_bound":160923792.32693872},"point_estimate":140991769.5606902,"standard_error":19977247.540127803}}