{"mean":{"confidence_interval":{"confidence_level":0.95,"lower_bound":1290044372.75,"upper_bound":1292343500.0},"point_estimate":1291086100.0,"standard_error":590836.3741605172},"median":{"confidence_interval":{"confidence_level":0.95,"lower_bound":1290000950.0,"upper_bound":1292349100.0},"point_estimate":1290470450.0,"standard_error":542071.7533485693},"median_abs_dev":{"confidence_interval":{"confidence_level":0.95,"lower_bound":94738.13831806183,"upper_bound":2974169.677197933},"point_estimate":740188.0368590355,"standard_error":868944.8857633865},"slope":null,"std_dev":{"confidence_interval":{"confidence_level":0.95,"lower_bound":735783.1948943173,"upper_bound":2728856.3089893744},"point_estimate":1978078.8569833217,"standard_error":552052.2890301975}}