{"mean":{"confidence_interval":{"confidence_level":0.95,"lower_bound":39236553780.0,"upper_bound":39299906480.0},"point_estimate":39264405090.0,"standard_error":16345667.849533027},"median":{"confidence_interval":{"confidence_level":0.95,"lower_bound":39221882800.0,"upper_bound":39280066600.0},"point_estimate":39262544250.0,"standard_error":17846724.23466306},"median_abs_dev":{"confidence_interval":{"confidence_level":0.95,"lower_bound":2035758.0238580704,"upper_bound":76317871.46508694},"point_estimate":39143233.85506868,"standard_error":18048778.267837048},"slope":null,"std_dev":{"confidence_interval":{"confidence_level":0.95,"lower_bound":21970719.270160478,"upper_bound":78260440.76770844},"point_estimate":54443899.85673224,"standard_error":17361776.972140405}}