{"mean":{"confidence_interval":{"confidence_level":0.95,"lower_bound":10533462.893518519,"upper_bound":11997270.021358024},"point_estimate":11363042.149228398,"standard_error":379836.1780026902},"median":{"confidence_interval":{"confidence_level":0.95,"lower_bound":10982639.548611112,"upper_bound":12181595.1},"point_estimate":11591791.094444444,"standard_error":300415.0338606814},"median_abs_dev":{"confidence_interval":{"confidence_level":0.95,"lower_bound":253617.1509207283,"upper_bound":1488191.1842140476},"point_estimate":661487.4478599532,"standard_error":326698.38372172345},"slope":{"confidence_interval":{"confidence_level":0.95,"lower_bound":11181543.84769932,"upper_bound":12097382.609644836},"point_estimate":11613204.082539683,"standard_error":231970.0995655347},"std_dev":{"confidence_interval":{"confidence_level":0.95,"lower_bound":425321.55812279286,"upper_bound":1834963.6718199956},"point_estimate":1266024.2089128601,"standard_error":428487.05136930424}}