{"mean":{"confidence_interval":{"confidence_level":0.95,"lower_bound":1007134458.0124999,"upper_bound":1012475535.7825},"point_estimate":1009585278.2,"standard_error":1375929.6739385833},"median":{"confidence_interval":{"confidence_level":0.95,"lower_bound":1005721124.0,"upper_bound":1013230420.0},"point_estimate":1008342109.5,"standard_error":1500406.4709757462},"median_abs_dev":{"confidence_interval":{"confidence_level":0.95,"lower_bound":406644.555580616,"upper_bound":6812277.787157893},"point_estimate":3239447.583988309,"standard_error":1608300.0058557475},"slope":null,"std_dev":{"confidence_interval":{"confidence_level":0.95,"lower_bound":1603925.929017422,"upper_bound":5884438.8331811605},"point_estimate":4595080.943860167,"standard_error":1123590.018790765}}