{"mean":{"confidence_interval":{"confidence_level":0.95,"lower_bound":736040944.6,"upper_bound":747803396.7},"point_estimate":741586138.1,"standard_error":3029711.4157383693},"median":{"confidence_interval":{"confidence_level":0.95,"lower_bound":733469598.0,"upper_bound":750462256.0},"point_estimate":738799262.5,"standard_error":4471711.55584092},"median_abs_dev":{"confidence_interval":{"confidence_level":0.95,"lower_bound":1333803.2751202583,"upper_bound":16899975.48146546},"point_estimate":8109079.814735055,"standard_error":4045788.8999855015},"slope":null,"std_dev":{"confidence_interval":{"confidence_level":0.95,"lower_bound":4195377.253488405,"upper_bound":12129349.296818115},"point_estimate":10096837.89869972,"standard_error":1831522.7344923208}}