{"mean":{"confidence_interval":{"confidence_level":0.95,"lower_bound":6272688521.7,"upper_bound":6394031842.7},"point_estimate":6331451483.6,"standard_error":31337462.17976141},"median":{"confidence_interval":{"confidence_level":0.95,"lower_bound":6227971740.0,"upper_bound":6452706166.0},"point_estimate":6310876817.0,"standard_error":49929534.733441755},"median_abs_dev":{"confidence_interval":{"confidence_level":0.95,"lower_bound":14818631.956216693,"upper_bound":172512477.4496913},"point_estimate":123118064.79031742,"standard_error":43304905.15699215},"slope":null,"std_dev":{"confidence_interval":{"confidence_level":0.95,"lower_bound":55500951.081807435,"upper_bound":123631933.38647963},"point_estimate":104246455.0084776,"standard_error":16157607.402077612}}