{"mean":{"confidence_interval":{"confidence_level":0.95,"lower_bound":6213870847.6,"upper_bound":6346596836.96},"point_estimate":6273810736.0,"standard_error":34043435.7913842},"median":{"confidence_interval":{"confidence_level":0.95,"lower_bound":6196939553.5,"upper_bound":6350429375.0},"point_estimate":6212005239.0,"standard_error":42150976.252648346},"median_abs_dev":{"confidence_interval":{"confidence_level":0.95,"lower_bound":1115725.4210919142,"upper_bound":168292149.8774171},"point_estimate":29803752.476477623,"standard_error":48848421.15258318},"slope":null,"std_dev":{"confidence_interval":{"confidence_level":0.95,"lower_bound":37158784.22055813,"upper_bound":148147033.61981523},"point_estimate":113386334.75505833,"standard_error":29206621.15492251}}