{"mean":{"confidence_interval":{"confidence_level":0.95,"lower_bound":6210919509.3,"upper_bound":6339321693.4},"point_estimate":6269511682.8,"standard_error":32931989.811956417},"median":{"confidence_interval":{"confidence_level":0.95,"lower_bound":6196319843.0,"upper_bound":6356386739.5},"point_estimate":6229156154.0,"standard_error":35930434.336607225},"median_abs_dev":{"confidence_interval":{"confidence_level":0.95,"lower_bound":11537369.122570753,"upper_bound":152001517.79603362},"point_estimate":53938477.7967006,"standard_error":33758876.5731671},"slope":null,"std_dev":{"confidence_interval":{"confidence_level":0.95,"lower_bound":30687674.850201916,"upper_bound":137535885.22919858},"point_estimate":109705752.79687221,"standard_error":28027940.841563758}}