{"mean":{"confidence_interval":{"confidence_level":0.95,"lower_bound":1591828322.68,"upper_bound":1767518765.7525},"point_estimate":1678595651.1,"standard_error":44774796.96370099},"median":{"confidence_interval":{"confidence_level":0.95,"lower_bound":1556740284.5,"upper_bound":1847517366.0},"point_estimate":1591248014.5,"standard_error":101164135.37384196},"median_abs_dev":{"confidence_interval":{"confidence_level":0.95,"lower_bound":5309180.868843198,"upper_bound":215489256.71330094},"point_estimate":76481235.44968665,"standard_error":69474005.34702703},"slope":null,"std_dev":{"confidence_interval":{"confidence_level":0.95,"lower_bound":93358986.07884362,"upper_bound":161627492.56849885},"point_estimate":149976475.72965965,"standard_error":17476528.228575334}}