{"mean":{"confidence_interval":{"confidence_level":0.95,"lower_bound":38964485.23833333,"upper_bound":44411137.77008333},"point_estimate":41581538.96845238,"standard_error":1394393.77887544},"median":{"confidence_interval":{"confidence_level":0.95,"lower_bound":37497706.041666664,"upper_bound":45280382.844444446},"point_estimate":40795204.05555555,"standard_error":2317809.0053949417},"median_abs_dev":{"confidence_interval":{"confidence_level":0.95,"lower_bound":1031732.1172081007,"upper_bound":7909954.37505024},"point_estimate":5184984.756027281,"standard_error":1809509.2877568533},"slope":{"confidence_interval":{"confidence_level":0.95,"lower_bound":39406355.52562001,"upper_bound":44538607.34189231},"point_estimate":41878482.44761905,"standard_error":1300774.4759447584},"std_dev":{"confidence_interval":{"confidence_level":0.95,"lower_bound":2736029.3672084757,"upper_bound":5698735.828848031},"point_estimate":4657272.184639781,"standard_error":761844.4807365935}}