{"mean":{"confidence_interval":{"confidence_level":0.95,"lower_bound":1905687.2019675928,"upper_bound":1958211.835894097},"point_estimate":1930377.7054398148,"standard_error":13463.611538166759},"median":{"confidence_interval":{"confidence_level":0.95,"lower_bound":1894176.6666666667,"upper_bound":1951571.267361111},"point_estimate":1926877.0833333335,"standard_error":14963.9105107508},"median_abs_dev":{"confidence_interval":{"confidence_level":0.95,"lower_bound":12886.921130586416,"upper_bound":70268.9068149773},"point_estimate":41922.53910294827,"standard_error":14832.728280342073},"slope":{"confidence_interval":{"confidence_level":0.95,"lower_bound":1895812.0545832354,"upper_bound":1937877.7142338417},"point_estimate":1915451.6017316016,"standard_error":10896.61100017418},"std_dev":{"confidence_interval":{"confidence_level":0.95,"lower_bound":20549.07195165511,"upper_bound":61566.05411653537},"point_estimate":44992.48021083512,"standard_error":11364.305704363635}}