{"mean":{"confidence_interval":{"confidence_level":0.95,"lower_bound":20933782300.0,"upper_bound":20955037780.25},"point_estimate":20945112750.0,"standard_error":5458535.8708226485},"median":{"confidence_interval":{"confidence_level":0.95,"lower_bound":20932674600.0,"upper_bound":20960189700.0},"point_estimate":20950498100.0,"standard_error":6760543.849334731},"median_abs_dev":{"confidence_interval":{"confidence_level":0.95,"lower_bound":2931693.1879520416,"upper_bound":29578981.424868107},"point_estimate":14779223.70761633,"standard_error":7020345.8772516},"slope":null,"std_dev":{"confidence_interval":{"confidence_level":0.95,"lower_bound":7158704.0263273595,"upper_bound":22684546.65695472},"point_estimate":18070883.564344913,"standard_error":3766968.469529352}}