{"mean":{"confidence_interval":{"confidence_level":0.95,"lower_bound":3152627043.4950004,"upper_bound":3296452889.8},"point_estimate":3224779873.1,"standard_error":36952991.98455309},"median":{"confidence_interval":{"confidence_level":0.95,"lower_bound":3107367825.0,"upper_bound":3337268432.0},"point_estimate":3225438126.5,"standard_error":65794605.82589619},"median_abs_dev":{"confidence_interval":{"confidence_level":0.95,"lower_bound":35059178.718075156,"upper_bound":198682676.87587738},"point_estimate":170425316.9434458,"standard_error":43311712.25640205},"slope":null,"std_dev":{"confidence_interval":{"confidence_level":0.95,"lower_bound":80413987.45252717,"upper_bound":145965634.5646568},"point_estimate":123533752.93005449,"standard_error":16825307.06501118}}