{"mean":{"confidence_interval":{"confidence_level":0.95,"lower_bound":0.08630285350145435,"upper_bound":0.08830993423325939},"point_estimate":0.08737409768948812,"standard_error":0.0005136618713619748},"median":{"confidence_interval":{"confidence_level":0.95,"lower_bound":0.08647890711977868,"upper_bound":0.0888042698693734},"point_estimate":0.08801325090733991,"standard_error":0.000596613463425342}}