{"mean":{"confidence_interval":{"confidence_level":0.95,"lower_bound":6225530945.3,"upper_bound":6364139082.2},"point_estimate":6288022489.3,"standard_error":35611315.15675589},"median":{"confidence_interval":{"confidence_level":0.95,"lower_bound":6213868530.0,"upper_bound":6382001786.5},"point_estimate":6262399348.5,"standard_error":36403103.57878505},"median_abs_dev":{"confidence_interval":{"confidence_level":0.95,"lower_bound":11136355.481690168,"upper_bound":160467449.0462333},"point_estimate":69931082.07917511,"standard_error":37626010.77690521},"slope":null,"std_dev":{"confidence_interval":{"confidence_level":0.95,"lower_bound":35925266.777853414,"upper_bound":151286526.07250452},"point_estimate":118686874.95881538,"standard_error":30186299.980784144}}