{"mean":{"confidence_interval":{"confidence_level":0.95,"lower_bound":271068852.4,"upper_bound":322072550.25},"point_estimate":295563491.1,"standard_error":12538185.17983928},"median":{"confidence_interval":{"confidence_level":0.95,"lower_bound":269376971.5,"upper_bound":335257854.5},"point_estimate":270091479.5,"standard_error":17985492.92493099},"median_abs_dev":{"confidence_interval":{"confidence_level":0.95,"lower_bound":299690.53477942944,"upper_bound":54367737.932279706},"point_estimate":2068345.9419295192,"standard_error":17144709.43148431},"slope":null,"std_dev":{"confidence_interval":{"confidence_level":0.95,"lower_bound":2603278.015002911,"upper_bound":49747086.8971997},"point_estimate":41803913.83850052,"standard_error":9405007.131039198}}