{"mean":{"confidence_interval":{"confidence_level":0.95,"lower_bound":1754740784.1,"upper_bound":1837165281.0},"point_estimate":1785824886.1,"standard_error":23431219.03252416},"median":{"confidence_interval":{"confidence_level":0.95,"lower_bound":1750415127.0,"upper_bound":1780027726.5},"point_estimate":1759256588.0,"standard_error":9394644.29745108},"median_abs_dev":{"confidence_interval":{"confidence_level":0.95,"lower_bound":3495311.7222458124,"upper_bound":37240703.747445345},"point_estimate":14249685.698917508,"standard_error":10864177.584535616},"slope":null,"std_dev":{"confidence_interval":{"confidence_level":0.95,"lower_bound":7303240.703433624,"upper_bound":119432871.68951245},"point_estimate":77950734.34661211,"standard_error":37813713.85452745}}