{"mean":{"confidence_interval":{"confidence_level":0.95,"lower_bound":31806847.557444446,"upper_bound":33246225.494232804},"point_estimate":32541273.626455028,"standard_error":369707.18899594934},"median":{"confidence_interval":{"confidence_level":0.95,"lower_bound":31784320.51851852,"upper_bound":33754714.666666664},"point_estimate":32453809.894444443,"standard_error":511612.6568415724},"median_abs_dev":{"confidence_interval":{"confidence_level":0.95,"lower_bound":81014.62600447946,"upper_bound":2341628.651705007},"point_estimate":992607.8510232406,"standard_error":514446.41237944143},"slope":{"confidence_interval":{"confidence_level":0.95,"lower_bound":31892604.66324786,"upper_bound":32726750.45068664},"point_estimate":32175943.564502165,"standard_error":215674.1833766828},"std_dev":{"confidence_interval":{"confidence_level":0.95,"lower_bound":667178.4153480376,"upper_bound":1610142.9301686636},"point_estimate":1234531.8414552314,"standard_error":249633.9557304848}}