{"mean":{"confidence_interval":{"confidence_level":0.95,"lower_bound":9721945490.0,"upper_bound":9927201050.0},"point_estimate":9800047650.0,"standard_error":58430483.289684616},"median":{"confidence_interval":{"confidence_level":0.95,"lower_bound":9713723350.0,"upper_bound":9797902900.0},"point_estimate":9733090550.0,"standard_error":23463276.457494766},"median_abs_dev":{"confidence_interval":{"confidence_level":0.95,"lower_bound":4683681.57684803,"upper_bound":95544227.92375088},"point_estimate":25081885.054707527,"standard_error":26733916.369700514},"slope":null,"std_dev":{"confidence_interval":{"confidence_level":0.95,"lower_bound":13812397.339568231,"upper_bound":297410554.347977},"point_estimate":194804430.92116913,"standard_error":93484495.82403105}}