{"mean":{"confidence_interval":{"confidence_level":0.95,"lower_bound":3097104854.1,"upper_bound":3240037533.9424996},"point_estimate":3170698915.4,"standard_error":36883451.96576297},"median":{"confidence_interval":{"confidence_level":0.95,"lower_bound":3041828737.0,"upper_bound":3285439270.0},"point_estimate":3181358477.0,"standard_error":64640659.31942192},"median_abs_dev":{"confidence_interval":{"confidence_level":0.95,"lower_bound":2495854.7562897205,"upper_bound":202286074.58400428},"point_estimate":154384976.64831877,"standard_error":57778970.00637739},"slope":null,"std_dev":{"confidence_interval":{"confidence_level":0.95,"lower_bound":70339277.47935802,"upper_bound":144602676.38407984},"point_estimate":123007214.89475961,"standard_error":17921480.518903162}}