{"mean":{"confidence_interval":{"confidence_level":0.95,"lower_bound":646569128.0,"upper_bound":647537270.0},"point_estimate":647020650.0,"standard_error":249139.9091553848},"median":{"confidence_interval":{"confidence_level":0.95,"lower_bound":646400900.0,"upper_bound":647897300.0},"point_estimate":646662450.0,"standard_error":354036.7668942357},"median_abs_dev":{"confidence_interval":{"confidence_level":0.95,"lower_bound":126169.25776004791,"upper_bound":1232633.6181163788},"point_estimate":408308.0327510834,"standard_error":303072.60672130506},"slope":null,"std_dev":{"confidence_interval":{"confidence_level":0.95,"lower_bound":254524.03859404364,"upper_bound":1023080.1946498976},"point_estimate":832994.0686063337,"standard_error":168019.11156368526}}