{"mean":{"confidence_interval":{"confidence_level":0.95,"lower_bound":2152523785.0249996,"upper_bound":2299328716.5649996},"point_estimate":2225672359.8,"standard_error":37340709.124804474},"median":{"confidence_interval":{"confidence_level":0.95,"lower_bound":2101674802.0,"upper_bound":2350842911.5},"point_estimate":2222793539.0,"standard_error":88793110.72013511},"median_abs_dev":{"confidence_interval":{"confidence_level":0.95,"lower_bound":2218029.605922103,"upper_bound":184193213.24841678},"point_estimate":179929355.0583154,"standard_error":59293539.10136653},"slope":null,"std_dev":{"confidence_interval":{"confidence_level":0.95,"lower_bound":84634736.42744665,"upper_bound":134302971.26362544},"point_estimate":124610750.96728088,"standard_error":12304081.984284354}}