{"mean":{"confidence_interval":{"confidence_level":0.95,"lower_bound":2399040317.335,"upper_bound":2411171133.9},"point_estimate":2405076004.3,"standard_error":3115100.2003190536},"median":{"confidence_interval":{"confidence_level":0.95,"lower_bound":2395808892.0,"upper_bound":2417581240.0},"point_estimate":2405023836.5,"standard_error":5118670.065275179},"median_abs_dev":{"confidence_interval":{"confidence_level":0.95,"lower_bound":830183.3378612995,"upper_bound":17488624.751114845},"point_estimate":13713302.526140213,"standard_error":4568321.015419746},"slope":null,"std_dev":{"confidence_interval":{"confidence_level":0.95,"lower_bound":6376446.683786024,"upper_bound":12542045.595697459},"point_estimate":10428621.965071192,"standard_error":1562368.4236801944}}