{"mean":{"confidence_interval":{"confidence_level":0.95,"lower_bound":528294597.40500003,"upper_bound":597600529.7474997},"point_estimate":555894922.7,"standard_error":19483113.11454114},"median":{"confidence_interval":{"confidence_level":0.95,"lower_bound":526834470.0,"upper_bound":565654162.0},"point_estimate":530102282.0,"standard_error":9675868.102159964},"median_abs_dev":{"confidence_interval":{"confidence_level":0.95,"lower_bound":1061363.6691570282,"upper_bound":53351374.10045798},"point_estimate":5800133.471927047,"standard_error":12137993.101762518},"slope":null,"std_dev":{"confidence_interval":{"confidence_level":0.95,"lower_bound":2531335.0136426366,"upper_bound":95708596.93419774},"point_estimate":64191532.66234789,"standard_error":27993956.26181896}}