{"mean":{"confidence_interval":{"confidence_level":0.95,"lower_bound":526866466.2425,"upper_bound":597400591.5},"point_estimate":556486500.8,"standard_error":19282219.454262488},"median":{"confidence_interval":{"confidence_level":0.95,"lower_bound":526370888.0,"upper_bound":582700050.0},"point_estimate":527156874.0,"standard_error":13125885.898613973},"median_abs_dev":{"confidence_interval":{"confidence_level":0.95,"lower_bound":200156.9268465042,"upper_bound":81968254.18537259},"point_estimate":1267239.7254019976,"standard_error":15470580.238735233},"slope":null,"std_dev":{"confidence_interval":{"confidence_level":0.95,"lower_bound":797102.3351990863,"upper_bound":88652238.67557147},"point_estimate":64315228.41378442,"standard_error":24300007.46595761}}