{"mean":{"confidence_interval":{"confidence_level":0.95,"lower_bound":588759460.0,"upper_bound":591187620.0},"point_estimate":589942570.0,"standard_error":623453.448302021},"median":{"confidence_interval":{"confidence_level":0.95,"lower_bound":588474450.0,"upper_bound":592193300.0},"point_estimate":589396950.0,"standard_error":877281.403488538},"median_abs_dev":{"confidence_interval":{"confidence_level":0.95,"lower_bound":377469.9532985687,"upper_bound":3527624.2473721504},"point_estimate":1799357.4580550194,"standard_error":892726.250007524},"slope":null,"std_dev":{"confidence_interval":{"confidence_level":0.95,"lower_bound":1097820.9948684545,"upper_bound":2521525.358700075},"point_estimate":2075229.0476260956,"standard_error":345795.57492642326}}