{"mean":{"confidence_interval":{"confidence_level":0.95,"lower_bound":4410525571.9,"upper_bound":4451873668.8},"point_estimate":4430576550.7,"standard_error":10514690.04757066},"median":{"confidence_interval":{"confidence_level":0.95,"lower_bound":4409626601.0,"upper_bound":4450564829.0},"point_estimate":4427483057.5,"standard_error":10371138.099500561},"median_abs_dev":{"confidence_interval":{"confidence_level":0.95,"lower_bound":7842050.216075778,"upper_bound":58121054.667145014},"point_estimate":28258615.694609284,"standard_error":12093416.423627622},"slope":null,"std_dev":{"confidence_interval":{"confidence_level":0.95,"lower_bound":14338148.456583548,"upper_bound":48283489.19631204},"point_estimate":35077823.87162125,"standard_error":8947154.914468883}}