{"mean":{"confidence_interval":{"confidence_level":0.95,"lower_bound":4975644437.0225,"upper_bound":5049930763.7775},"point_estimate":5009243716.7,"standard_error":19160979.17900688},"median":{"confidence_interval":{"confidence_level":0.95,"lower_bound":4959655003.0,"upper_bound":5054461693.0},"point_estimate":4989314622.0,"standard_error":22396148.786350507},"median_abs_dev":{"confidence_interval":{"confidence_level":0.95,"lower_bound":4041595.697647333,"upper_bound":102663889.97585832},"point_estimate":43984225.96082389,"standard_error":24251189.863934852},"slope":null,"std_dev":{"confidence_interval":{"confidence_level":0.95,"lower_bound":17454290.328647163,"upper_bound":85358897.15909739},"point_estimate":63595868.10041204,"standard_error":16673955.263127197}}