{"mean":{"confidence_interval":{"confidence_level":0.95,"lower_bound":145536082.22222224,"upper_bound":147165125.02777776},"point_estimate":146225972.52777776,"standard_error":427920.8696910075},"median":{"confidence_interval":{"confidence_level":0.95,"lower_bound":145332000.0,"upper_bound":146650771.6666667},"point_estimate":145786789.5833333,"standard_error":351714.60584811866},"median_abs_dev":{"confidence_interval":{"confidence_level":0.95,"lower_bound":120741.29452309001,"upper_bound":1530457.0653289852},"point_estimate":702959.3337699476,"standard_error":385603.9128062479},"slope":{"confidence_interval":{"confidence_level":0.95,"lower_bound":145515682.15974736,"upper_bound":146329524.94436088},"point_estimate":145925267.01298702,"standard_error":209255.14188696424},"std_dev":{"confidence_interval":{"confidence_level":0.95,"lower_bound":363286.9258822122,"upper_bound":2076420.1183049516},"point_estimate":1428079.7127631083,"standard_error":511809.0418673239}}