{"mean":{"confidence_interval":{"confidence_level":0.95,"lower_bound":1043450786.0125,"upper_bound":1168995633.2},"point_estimate":1100069398.8,"standard_error":31811158.515224498},"median":{"confidence_interval":{"confidence_level":0.95,"lower_bound":1039279442.0,"upper_bound":1141330746.0},"point_estimate":1043417313.5,"standard_error":30980641.296688013},"median_abs_dev":{"confidence_interval":{"confidence_level":0.95,"lower_bound":1580655.4294377565,"upper_bound":142999984.70324278},"point_estimate":8138772.585707903,"standard_error":38612056.76807079},"slope":null,"std_dev":{"confidence_interval":{"confidence_level":0.95,"lower_bound":5147699.662103291,"upper_bound":143316853.72566947},"point_estimate":105544885.17799748,"standard_error":32577188.66435237}}