{"mean":{"confidence_interval":{"confidence_level":0.95,"lower_bound":1076204580.0,"upper_bound":1078069600.0},"point_estimate":1077084620.0,"standard_error":478778.0714220251},"median":{"confidence_interval":{"confidence_level":0.95,"lower_bound":1075959700.0,"upper_bound":1078373700.0},"point_estimate":1076665800.0,"standard_error":650994.8229590127},"median_abs_dev":{"confidence_interval":{"confidence_level":0.95,"lower_bound":112381.07800483704,"upper_bound":2649628.54295969},"point_estimate":1160949.909389019,"standard_error":632099.9117840298},"slope":null,"std_dev":{"confidence_interval":{"confidence_level":0.95,"lower_bound":788978.8777115243,"upper_bound":2086024.2809122705},"point_estimate":1596207.7063395535,"standard_error":343470.47722051194}}