{"mean":{"confidence_interval":{"confidence_level":0.95,"lower_bound":6238798865.9775,"upper_bound":6336826213.872499},"point_estimate":6286837060.9,"standard_error":25171662.647889834},"median":{"confidence_interval":{"confidence_level":0.95,"lower_bound":6201841737.0,"upper_bound":6381444797.0},"point_estimate":6282643338.0,"standard_error":37891955.882976875},"median_abs_dev":{"confidence_interval":{"confidence_level":0.95,"lower_bound":10081051.939925551,"upper_bound":142406713.42817545},"point_estimate":120425027.94402838,"standard_error":38936215.521680266},"slope":null,"std_dev":{"confidence_interval":{"confidence_level":0.95,"lower_bound":48140972.08106429,"upper_bound":100157070.0529338},"point_estimate":83577516.04578252,"standard_error":12798865.013090746}}