{"mean":{"confidence_interval":{"confidence_level":0.95,"lower_bound":542373960.0,"upper_bound":544022454.5},"point_estimate":543122520.0,"standard_error":423675.68836182234},"median":{"confidence_interval":{"confidence_level":0.95,"lower_bound":542171200.0,"upper_bound":544139550.0},"point_estimate":542842000.0,"standard_error":473216.37443955813},"median_abs_dev":{"confidence_interval":{"confidence_level":0.95,"lower_bound":14677.73973941803,"upper_bound":2117301.0224103928},"point_estimate":959316.3129687309,"standard_error":545958.3804309247},"slope":null,"std_dev":{"confidence_interval":{"confidence_level":0.95,"lower_bound":490544.02690618235,"upper_bound":1841457.6676061845},"point_estimate":1413297.8177927602,"standard_error":351748.5946261367}}