{"mean":{"confidence_interval":{"confidence_level":0.95,"lower_bound":2125954120.0,"upper_bound":2270127600.2874994},"point_estimate":2195000088.7,"standard_error":36869748.1791027},"median":{"confidence_interval":{"confidence_level":0.95,"lower_bound":2089542903.0,"upper_bound":2297311088.0},"point_estimate":2144640822.0,"standard_error":67807333.26230118},"median_abs_dev":{"confidence_interval":{"confidence_level":0.95,"lower_bound":7571840.4404729605,"upper_bound":208444186.26737595},"point_estimate":90002049.79734421,"standard_error":63439725.19908062},"slope":null,"std_dev":{"confidence_interval":{"confidence_level":0.95,"lower_bound":69474119.71083562,"upper_bound":149979241.39477947},"point_estimate":123355776.78939825,"standard_error":20666716.205696315}}