{"mean":{"confidence_interval":{"confidence_level":0.95,"lower_bound":1075381310.0,"upper_bound":1080293380.0},"point_estimate":1077798710.0,"standard_error":1251716.0801936644},"median":{"confidence_interval":{"confidence_level":0.95,"lower_bound":1073981200.0,"upper_bound":1080849400.0},"point_estimate":1078038050.0,"standard_error":1453503.7077174105},"median_abs_dev":{"confidence_interval":{"confidence_level":0.95,"lower_bound":194739.50654268265,"upper_bound":7125820.253491402},"point_estimate":4588424.528539181,"standard_error":1869513.4880382502},"slope":null,"std_dev":{"confidence_interval":{"confidence_level":0.95,"lower_bound":2288690.9755002777,"upper_bound":5423763.994991584},"point_estimate":4173335.271951094,"standard_error":825465.7481800956}}