{"mean":{"confidence_interval":{"confidence_level":0.95,"lower_bound":0.09309253122785144,"upper_bound":0.09698932461768305},"point_estimate":0.09500608090277418,"standard_error":0.0010017628279422165},"median":{"confidence_interval":{"confidence_level":0.95,"lower_bound":0.09190212386790853,"upper_bound":0.0984639211463989},"point_estimate":0.09462488013210701,"standard_error":0.0015413563204396752}}