{"mean":{"confidence_interval":{"confidence_level":0.95,"lower_bound":1620622506.1,"upper_bound":1710120536.5075},"point_estimate":1666871747.9,"standard_error":23046237.73958789},"median":{"confidence_interval":{"confidence_level":0.95,"lower_bound":1576311561.0,"upper_bound":1725016521.0},"point_estimate":1685368700.5,"standard_error":34343749.48076169},"median_abs_dev":{"confidence_interval":{"confidence_level":0.95,"lower_bound":15866833.102807403,"upper_bound":127998898.0638653},"point_estimate":70695837.53889799,"standard_error":31022506.886558734},"slope":null,"std_dev":{"confidence_interval":{"confidence_level":0.95,"lower_bound":38687437.75288447,"upper_bound":92551104.4898322},"point_estimate":76729953.24855219,"standard_error":12712380.682604183}}